ano;cnae_2_descricao_secao;variable;salario_medio
2007;Administração pública, defesa e seguridade social;Admissões;691.5470730235365
2007;Administração pública, defesa e seguridade social;Demissões;833.6073466476462
2007;Agricultura, pecuária, produção florestal, pesca e aquicultura;Admissões;508.49411764705883
2007;Agricultura, pecuária, produção florestal, pesca e aquicultura;Demissões;637.9245283018868
2007;Alojamento e alimentação;Admissões;578.900113507378
2007;Alojamento e alimentação;Demissões;632.7456453774006
2007;Artes, cultura, esporte e recreação;Admissões;532.9548387096775
2007;Artes, cultura, esporte e recreação;Demissões;530.6064981949459
2007;Atividades administrativas e serviços complementares;Admissões;750.4201210287443
2007;Atividades administrativas e serviços complementares;Demissões;752.1742814421
2007;Atividades financeiras, de seguros e serviços relacionados;Admissões;1212.9023722627737
2007;Atividades financeiras, de seguros e serviços relacionados;Demissões;2395.1007194244603
2007;Atividades imobiliárias;Admissões;677.1666666666666
2007;Atividades imobiliárias;Demissões;729.2763157894736
2007;Atividades profissionais, científicas e técnicas;Admissões;877.6952380952381
2007;Atividades profissionais, científicas e técnicas;Demissões;874.753125
2007;"Comércio; reparação de veículos automotores e motocicletas";Admissões;674.6288667244869
2007;"Comércio; reparação de veículos automotores e motocicletas";Demissões;762.4368501789671
2007;Construção;Admissões;665.3226687475615
2007;Construção;Demissões;667.3239436619718
2007;Educação;Admissões;919.7367915465899
2007;Educação;Demissões;1428.712619300106
2007;Indústrias de transformação;Admissões;1097.975773031559
2007;Indústrias de transformação;Demissões;1414.0884823595295
2007;Informação e comunicação;Admissões;1125.9463601532566
2007;Informação e comunicação;Demissões;1450.526371308017
2007;Outras atividades de serviços;Admissões;830.5403225806451
2007;Outras atividades de serviços;Demissões;992.8843683083512
2007;Saúde humana e serviços sociais;Admissões;811.7626666666666
2007;Saúde humana e serviços sociais;Demissões;896.558692421991
2007;Serviços domésticos;Admissões;550.0
2007;Serviços domésticos;Demissões;446.0
2007;Transporte, armazenagem e correio;Admissões;771.4469387755101
2007;Transporte, armazenagem e correio;Demissões;857.2138487888427
2007;Água, esgoto, atividades de gestão de resíduos e descontaminação;Admissões;699.0
2007;Água, esgoto, atividades de gestão de resíduos e descontaminação;Demissões;697.11875
2008;Administração pública, defesa e seguridade social;Admissões;664.340661421195
2008;Administração pública, defesa e seguridade social;Demissões;629.1012800620636
2008;Agricultura, pecuária, produção florestal, pesca e aquicultura;Admissões;80.76945454545454
2008;Agricultura, pecuária, produção florestal, pesca e aquicultura;Demissões;51.832068965517244
2008;Alojamento e alimentação;Admissões;624.406934802294
2008;Alojamento e alimentação;Demissões;656.961678857541
2008;Artes, cultura, esporte e recreação;Admissões;816.8860752688172
2008;Artes, cultura, esporte e recreação;Demissões;746.2334848484849
2008;Atividades administrativas e serviços complementares;Admissões;730.7153857791226
2008;Atividades administrativas e serviços complementares;Demissões;726.9735786043987
2008;Atividades financeiras, de seguros e serviços relacionados;Admissões;1293.2822976190475
2008;Atividades financeiras, de seguros e serviços relacionados;Demissões;1935.237961095101
2008;Atividades imobiliárias;Admissões;831.7033898305085
2008;Atividades imobiliárias;Demissões;809.5333333333333
2008;Atividades profissionais, científicas e técnicas;Admissões;816.7270956719818
2008;Atividades profissionais, científicas e técnicas;Demissões;813.3562923076922
2008;"Comércio; reparação de veículos automotores e motocicletas";Admissões;682.1848384959417
2008;"Comércio; reparação de veículos automotores e motocicletas";Demissões;756.818671790637
2008;Construção;Admissões;644.9849669025336
2008;Construção;Demissões;641.8052031163049
2008;Educação;Admissões;861.2605874125874
2008;Educação;Demissões;1254.965973295854
2008;Indústrias de transformação;Admissões;1028.0654276439006
2008;Indústrias de transformação;Demissões;1243.9642920413366
2008;Indústrias extrativas;Admissões;678.0
2008;Indústrias extrativas;Demissões;625.2
2008;Informação e comunicação;Admissões;875.3670243902438
2008;Informação e comunicação;Demissões;1247.777201274562
2008;Organismos internacionais e outras instituições extraterritoriais;Admissões;510.0
2008;Organismos internacionais e outras instituições extraterritoriais;Demissões;510.0
2008;Outras atividades de serviços;Admissões;669.6715215311004
2008;Outras atividades de serviços;Demissões;759.0372597402596
2008;Saúde humana e serviços sociais;Admissões;692.1300859845228
2008;Saúde humana e serviços sociais;Demissões;788.0999391480731
2008;Serviços domésticos;Demissões;764.0
2008;Transporte, armazenagem e correio;Admissões;743.4752057801354
2008;Transporte, armazenagem e correio;Demissões;827.4898228025181
2008;Água, esgoto, atividades de gestão de resíduos e descontaminação;Admissões;685.669512195122
2008;Água, esgoto, atividades de gestão de resíduos e descontaminação;Demissões;751.6255555555556
2009;Administração pública, defesa e seguridade social;Admissões;415.94501230193873
2009;Administração pública, defesa e seguridade social;Demissões;602.2932523485584
2009;Agricultura, pecuária, produção florestal, pesca e aquicultura;Admissões;420.4182352941176
2009;Agricultura, pecuária, produção florestal, pesca e aquicultura;Demissões;514.7142857142857
2009;Alojamento e alimentação;Admissões;618.1373689956332
2009;Alojamento e alimentação;Demissões;737.5611058700209
2009;Artes, cultura, esporte e recreação;Admissões;530.8879723502304
2009;Artes, cultura, esporte e recreação;Demissões;843.4625954198474
2009;Atividades administrativas e serviços complementares;Admissões;743.6671453834698
2009;Atividades administrativas e serviços complementares;Demissões;777.4316300845751
2009;Atividades financeiras, de seguros e serviços relacionados;Admissões;1339.0474134948097
2009;Atividades financeiras, de seguros e serviços relacionados;Demissões;2544.9513965341484
2009;Atividades imobiliárias;Admissões;708.2644827586206
2009;Atividades imobiliárias;Demissões;916.3921568627451
2009;Atividades profissionais, científicas e técnicas;Admissões;851.296830732293
2009;Atividades profissionais, científicas e técnicas;Demissões;770.8975958702065
2009;"Comércio; reparação de veículos automotores e motocicletas";Admissões;712.0408198410362
2009;"Comércio; reparação de veículos automotores e motocicletas";Demissões;798.4590292459478
2009;Construção;Admissões;671.9982585803432
2009;Construção;Demissões;727.8400068415052
2009;Educação;Admissões;901.0521753986333
2009;Educação;Demissões;1398.8527538155276
2009;Eletricidade e gás;Demissões;508.0
2009;Indústrias de transformação;Admissões;1030.3328418935644
2009;Indústrias de transformação;Demissões;1362.1323162134945
2009;Informação e comunicação;Admissões;978.375888088173
2009;Informação e comunicação;Demissões;1105.4933616569303
2009;Organismos internacionais e outras instituições extraterritoriais;Admissões;643.375
2009;Organismos internacionais e outras instituições extraterritoriais;Demissões;627.7142857142857
2009;Outras atividades de serviços;Admissões;754.6599315068493
2009;Outras atividades de serviços;Demissões;929.6163157894737
2009;Saúde humana e serviços sociais;Admissões;786.695036028823
2009;Saúde humana e serviços sociais;Demissões;889.5818330134357
2009;Serviços domésticos;Admissões;689.75
2009;Serviços domésticos;Demissões;505.0
2009;Transporte, armazenagem e correio;Admissões;757.8950077760497
2009;Transporte, armazenagem e correio;Demissões;849.746268246245
2009;Água, esgoto, atividades de gestão de resíduos e descontaminação;Admissões;814.1078431372549
2009;Água, esgoto, atividades de gestão de resíduos e descontaminação;Demissões;921.2313333333334
2010;Administração pública, defesa e seguridade social;Admissões;656.2700105894811
2010;Administração pública, defesa e seguridade social;Demissões;565.7856160810188
2010;Agricultura, pecuária, produção florestal, pesca e aquicultura;Admissões;510.2862068965517
2010;Agricultura, pecuária, produção florestal, pesca e aquicultura;Demissões;516.125
2010;Alojamento e alimentação;Admissões;659.8161663260092
2010;Alojamento e alimentação;Demissões;718.2359698212716
2010;Artes, cultura, esporte e recreação;Admissões;517.4563311688312
2010;Artes, cultura, esporte e recreação;Demissões;469.9485365853659
2010;Atividades administrativas e serviços complementares;Admissões;696.5298907638379
2010;Atividades administrativas e serviços complementares;Demissões;757.5231695568401
2010;Atividades financeiras, de seguros e serviços relacionados;Admissões;1362.6797437266418
2010;Atividades financeiras, de seguros e serviços relacionados;Demissões;2097.4246051660516
2010;Atividades imobiliárias;Admissões;717.5036082474228
2010;Atividades imobiliárias;Demissões;828.2266666666667
2010;Atividades profissionais, científicas e técnicas;Admissões;732.5370303712036
2010;Atividades profissionais, científicas e técnicas;Demissões;987.3672424979725
2010;"Comércio; reparação de veículos automotores e motocicletas";Admissões;742.3939566810258
2010;"Comércio; reparação de veículos automotores e motocicletas";Demissões;825.8640640513968
2010;Construção;Admissões;724.8801803704907
2010;Construção;Demissões;794.6872349683545
2010;Educação;Admissões;868.3829197994987
2010;Educação;Demissões;1099.7918504435995
2010;Eletricidade e gás;Admissões;2854.0
2010;Eletricidade e gás;Demissões;3563.0
2010;Indústrias de transformação;Admissões;1165.5778827937963
2010;Indústrias de transformação;Demissões;1297.654813428018
2010;Informação e comunicação;Admissões;854.2257112638816
2010;Informação e comunicação;Demissões;1125.8461183059153
2010;Organismos internacionais e outras instituições extraterritoriais;Admissões;873.8966789667896
2010;Organismos internacionais e outras instituições extraterritoriais;Demissões;732.9375
2010;Outras atividades de serviços;Admissões;708.8092564745197
2010;Outras atividades de serviços;Demissões;889.9049273959342
2010;Saúde humana e serviços sociais;Admissões;858.2685011529593
2010;Saúde humana e serviços sociais;Demissões;884.8789180327869
2010;Serviços domésticos;Admissões;575.4583333333334
2010;Serviços domésticos;Demissões;548.3333333333334
2010;Transporte, armazenagem e correio;Admissões;852.3400702155453
2010;Transporte, armazenagem e correio;Demissões;931.9350709426628
2010;Água, esgoto, atividades de gestão de resíduos e descontaminação;Admissões;970.5621621621622
2010;Água, esgoto, atividades de gestão de resíduos e descontaminação;Demissões;1111.7941176470588
2011;Administração pública, defesa e seguridade social;Admissões;757.7323584354933
2011;Administração pública, defesa e seguridade social;Demissões;751.2801143074871
2011;Agricultura, pecuária, produção florestal, pesca e aquicultura;Admissões;622.1
2011;Agricultura, pecuária, produção florestal, pesca e aquicultura;Demissões;417.973125
2011;Alojamento e alimentação;Admissões;706.9111547344111
2011;Alojamento e alimentação;Demissões;781.6386595030222
2011;Artes, cultura, esporte e recreação;Admissões;682.8643859649123
2011;Artes, cultura, esporte e recreação;Demissões;766.6549339207049
2011;Atividades administrativas e serviços complementares;Admissões;812.5035506487227
2011;Atividades administrativas e serviços complementares;Demissões;901.8909861219703
2011;Atividades financeiras, de seguros e serviços relacionados;Admissões;1559.0695837957826
2011;Atividades financeiras, de seguros e serviços relacionados;Demissões;2789.5412112932604
2011;Atividades imobiliárias;Admissões;940.921327014218
2011;Atividades imobiliárias;Demissões;1020.9855813953487
2011;Atividades profissionais, científicas e técnicas;Admissões;984.3448191293684
2011;Atividades profissionais, científicas e técnicas;Demissões;1012.2611342426418
2011;"Comércio; reparação de veículos automotores e motocicletas";Admissões;818.3819651927099
2011;"Comércio; reparação de veículos automotores e motocicletas";Demissões;926.8618376136545
2011;Construção;Admissões;713.1972015730053
2011;Construção;Demissões;759.9342265152633
2011;Educação;Admissões;867.9162626262627
2011;Educação;Demissões;1191.100985277463
2011;Indústrias de transformação;Admissões;1344.9243344970544
2011;Indústrias de transformação;Demissões;1430.2335388175889
2011;Indústrias extrativas;Demissões;1112.0
2011;Informação e comunicação;Admissões;993.7402458547741
2011;Informação e comunicação;Demissões;1174.861718696398
2011;Outras atividades de serviços;Admissões;737.9202941176471
2011;Outras atividades de serviços;Demissões;959.2809048067861
2011;Saúde humana e serviços sociais;Admissões;964.2344896957801
2011;Saúde humana e serviços sociais;Demissões;999.7854566473989
2011;Serviços domésticos;Admissões;231.26999999999998
2011;Serviços domésticos;Demissões;868.0
2011;Transporte, armazenagem e correio;Admissões;919.6431000304972
2011;Transporte, armazenagem e correio;Demissões;991.2482100641676
2011;Água, esgoto, atividades de gestão de resíduos e descontaminação;Admissões;989.5552631578947
2011;Água, esgoto, atividades de gestão de resíduos e descontaminação;Demissões;1247.1997093023256
2012;Administração pública, defesa e seguridade social;Admissões;918.7475968222444
2012;Administração pública, defesa e seguridade social;Demissões;768.3800874010553
2012;Agricultura, pecuária, produção florestal, pesca e aquicultura;Admissões;483.51599999999996
2012;Agricultura, pecuária, produção florestal, pesca e aquicultura;Demissões;637.8571428571429
2012;Alojamento e alimentação;Admissões;809.043262402869
2012;Alojamento e alimentação;Demissões;854.9274969021067
2012;Artes, cultura, esporte e recreação;Admissões;748.0825641025641
2012;Artes, cultura, esporte e recreação;Demissões;776.68522875817
2012;Atividades administrativas e serviços complementares;Admissões;834.0577688331498
2012;Atividades administrativas e serviços complementares;Demissões;920.0312433423558
2012;Atividades financeiras, de seguros e serviços relacionados;Admissões;1580.9856348661633
2012;Atividades financeiras, de seguros e serviços relacionados;Demissões;3089.6753238546603
2012;Atividades imobiliárias;Admissões;1062.7101219512194
2012;Atividades imobiliárias;Demissões;1164.31
2012;Atividades profissionais, científicas e técnicas;Admissões;964.0362950373894
2012;Atividades profissionais, científicas e técnicas;Demissões;1167.128572377158
2012;"Comércio; reparação de veículos automotores e motocicletas";Admissões;897.9150625804187
2012;"Comércio; reparação de veículos automotores e motocicletas";Demissões;1034.6974009669686
2012;Construção;Admissões;791.7864463342353
2012;Construção;Demissões;926.3905745433117
2012;Educação;Admissões;851.3089720946663
2012;Educação;Demissões;1106.230058983666
2012;Indústrias de transformação;Admissões;1451.716942926147
2012;Indústrias de transformação;Demissões;1731.0609775659652
2012;Indústrias extrativas;Admissões;883.0369131832797
2012;Indústrias extrativas;Demissões;1270.2121212121212
2012;Informação e comunicação;Admissões;1437.0742401656314
2012;Informação e comunicação;Demissões;1643.8043029533185
2012;Outras atividades de serviços;Admissões;866.6532456140351
2012;Outras atividades de serviços;Demissões;1049.2691630340016
2012;Saúde humana e serviços sociais;Admissões;791.9884432387313
2012;Saúde humana e serviços sociais;Demissões;889.8863252427185
2012;Serviços domésticos;Admissões;182.83333333333334
2012;Serviços domésticos;Demissões;603.9869565217392
2012;Transporte, armazenagem e correio;Admissões;1005.5227311762001
2012;Transporte, armazenagem e correio;Demissões;1115.1189944322591
2012;Água, esgoto, atividades de gestão de resíduos e descontaminação;Admissões;1161.9435294117648
2012;Água, esgoto, atividades de gestão de resíduos e descontaminação;Demissões;1330.867469879518
2013;Administração pública, defesa e seguridade social;Admissões;1058.9843450442065
2013;Administração pública, defesa e seguridade social;Demissões;854.0955171957672
2013;Agricultura, pecuária, produção florestal, pesca e aquicultura;Admissões;1141.7142857142858
2013;Agricultura, pecuária, produção florestal, pesca e aquicultura;Demissões;939.8076923076923
2013;Alojamento e alimentação;Admissões;872.9443191015783
2013;Alojamento e alimentação;Demissões;982.5101782748311
2013;Artes, cultura, esporte e recreação;Admissões;824.886368159204
2013;Artes, cultura, esporte e recreação;Demissões;803.2724736842105
2013;Atividades administrativas e serviços complementares;Admissões;966.8674033240086
2013;Atividades administrativas e serviços complementares;Demissões;941.910523026879
2013;Atividades financeiras, de seguros e serviços relacionados;Admissões;1595.8661167684998
2013;Atividades financeiras, de seguros e serviços relacionados;Demissões;3630.09582010582
2013;Atividades imobiliárias;Admissões;1090.7546226415095
2013;Atividades imobiliárias;Demissões;1171.6480612244898
2013;Atividades profissionais, científicas e técnicas;Admissões;1017.9750467289721
2013;Atividades profissionais, científicas e técnicas;Demissões;1131.3875019455252
2013;"Comércio; reparação de veículos automotores e motocicletas";Admissões;954.0391313319308
2013;"Comércio; reparação de veículos automotores e motocicletas";Demissões;1067.9560450049669
2013;Construção;Admissões;781.7742000527148
2013;Construção;Demissões;949.4098193119398
2013;Educação;Admissões;905.5807355579475
2013;Educação;Demissões;1091.4113548915268
2013;Eletricidade e gás;Admissões;2852.0
2013;Eletricidade e gás;Demissões;7528.0
2013;Indústrias de transformação;Admissões;1625.297492989344
2013;Indústrias de transformação;Demissões;1960.8410914069632
2013;Indústrias extrativas;Admissões;1412.631868131868
2013;Indústrias extrativas;Demissões;1384.638036809816
2013;Informação e comunicação;Admissões;1256.8172945945946
2013;Informação e comunicação;Demissões;1464.4078681261403
2013;Organismos internacionais e outras instituições extraterritoriais;Admissões;2044.388888888889
2013;Organismos internacionais e outras instituições extraterritoriais;Demissões;2229.3928571428573
2013;Outras atividades de serviços;Admissões;857.3193498817967
2013;Outras atividades de serviços;Demissões;1033.8534473507714
2013;Saúde humana e serviços sociais;Admissões;1159.8012242849975
2013;Saúde humana e serviços sociais;Demissões;1234.0868541780446
2013;Serviços domésticos;Admissões;688.2
2013;Serviços domésticos;Demissões;1500.0
2013;Transporte, armazenagem e correio;Admissões;1123.9917131018717
2013;Transporte, armazenagem e correio;Demissões;1325.059223771093
2013;Água, esgoto, atividades de gestão de resíduos e descontaminação;Admissões;1049.4058348294436
2013;Água, esgoto, atividades de gestão de resíduos e descontaminação;Demissões;1269.2852956989248
2014;Administração pública, defesa e seguridade social;Admissões;1335.1504903893544
2014;Administração pública, defesa e seguridade social;Demissões;1008.6351947705443
2014;Agricultura, pecuária, produção florestal, pesca e aquicultura;Admissões;867.6666666666666
2014;Agricultura, pecuária, produção florestal, pesca e aquicultura;Demissões;957.8
2014;Alojamento e alimentação;Admissões;779.6446960424316
2014;Alojamento e alimentação;Demissões;823.9433191230207
2014;Artes, cultura, esporte e recreação;Admissões;1060.6797885196374
2014;Artes, cultura, esporte e recreação;Demissões;1383.9132183908046
2014;Atividades administrativas e serviços complementares;Admissões;929.0685294714759
2014;Atividades administrativas e serviços complementares;Demissões;999.0212574716079
2014;Atividades financeiras, de seguros e serviços relacionados;Admissões;1880.3973422712934
2014;Atividades financeiras, de seguros e serviços relacionados;Demissões;3748.3848608137046
2014;Atividades imobiliárias;Admissões;817.1826498422713
2014;Atividades imobiliárias;Demissões;964.7768306010929
2014;Atividades profissionais, científicas e técnicas;Admissões;1244.0580706921944
2014;Atividades profissionais, científicas e técnicas;Demissões;1278.4685618479882
2014;"Comércio; reparação de veículos automotores e motocicletas";Admissões;1125.3745686070686
2014;"Comércio; reparação de veículos automotores e motocicletas";Demissões;1188.462153280687
2014;Construção;Admissões;979.1788439220354
2014;Construção;Demissões;1070.8136777777777
2014;Educação;Admissões;1008.728561067595
2014;Educação;Demissões;1008.2459187516815
2014;Eletricidade e gás;Demissões;10170.0
2014;Indústrias de transformação;Admissões;1623.615459751309
2014;Indústrias de transformação;Demissões;2003.9521219124656
2014;Indústrias extrativas;Admissões;1594.6686046511627
2014;Indústrias extrativas;Demissões;1582.2781954887218
2014;Informação e comunicação;Admissões;1408.2625782838552
2014;Informação e comunicação;Demissões;1520.3398632521132
2014;Organismos internacionais e outras instituições extraterritoriais;Admissões;2012.7058823529412
2014;Organismos internacionais e outras instituições extraterritoriais;Demissões;2098.675
2014;Outras atividades de serviços;Admissões;1020.2509322033899
2014;Outras atividades de serviços;Demissões;1234.1668553008597
2014;Saúde humana e serviços sociais;Admissões;1121.8272293144207
2014;Saúde humana e serviços sociais;Demissões;1211.5407361963191
2014;Serviços domésticos;Admissões;984.5454545454545
2014;Serviços domésticos;Demissões;489.2857142857143
2014;Transporte, armazenagem e correio;Admissões;1116.355036803365
2014;Transporte, armazenagem e correio;Demissões;1291.456832181923
2014;Água, esgoto, atividades de gestão de resíduos e descontaminação;Admissões;1233.4288547486035
2014;Água, esgoto, atividades de gestão de resíduos e descontaminação;Demissões;1273.3771428571429
2015;Administração pública, defesa e seguridade social;Admissões;1775.4582555650684
2015;Administração pública, defesa e seguridade social;Demissões;1478.755766559045
2015;Agricultura, pecuária, produção florestal, pesca e aquicultura;Admissões;857.1
2015;Agricultura, pecuária, produção florestal, pesca e aquicultura;Demissões;852.5454545454545
2015;Alojamento e alimentação;Admissões;891.8497813822286
2015;Alojamento e alimentação;Demissões;972.8761385907605
2015;Artes, cultura, esporte e recreação;Admissões;1109.0506329113923
2015;Artes, cultura, esporte e recreação;Demissões;1203.0349453551912
2015;Atividades administrativas e serviços complementares;Admissões;1014.7336147980795
2015;Atividades administrativas e serviços complementares;Demissões;1101.3117016788258
2015;Atividades financeiras, de seguros e serviços relacionados;Admissões;1905.4462735381567
2015;Atividades financeiras, de seguros e serviços relacionados;Demissões;3370.9035497470486
2015;Atividades imobiliárias;Admissões;1133.6948181818182
2015;Atividades imobiliárias;Demissões;1122.279814814815
2015;Atividades profissionais, científicas e técnicas;Admissões;1273.0302307137706
2015;Atividades profissionais, científicas e técnicas;Demissões;1410.1288300835654
2015;"Comércio; reparação de veículos automotores e motocicletas";Admissões;1154.6472959476055
2015;"Comércio; reparação de veículos automotores e motocicletas";Demissões;1301.3991448308718
2015;Construção;Admissões;851.1171248264546
2015;Construção;Demissões;1043.544614361702
2015;Educação;Admissões;1223.1145409334354
2015;Educação;Demissões;1328.2274710221286
2015;Eletricidade e gás;Admissões;1187.9405263157894
2015;Eletricidade e gás;Demissões;1265.4796428571428
2015;Indústrias de transformação;Admissões;1695.9753513035794
2015;Indústrias de transformação;Demissões;2334.766515078213
2015;Indústrias extrativas;Admissões;1647.142857142857
2015;Indústrias extrativas;Demissões;1573.2246376811595
2015;Informação e comunicação;Admissões;1334.2857297605474
2015;Informação e comunicação;Demissões;1599.470679047083
2015;Organismos internacionais e outras instituições extraterritoriais;Admissões;1751.8333333333333
2015;Organismos internacionais e outras instituições extraterritoriais;Demissões;4584.166666666667
2015;Outras atividades de serviços;Admissões;1087.4086722866175
2015;Outras atividades de serviços;Demissões;1316.244855072464
2015;Saúde humana e serviços sociais;Admissões;1202.976150206978
2015;Saúde humana e serviços sociais;Demissões;1302.0283526682133
2015;Serviços domésticos;Admissões;1305.0
2015;Serviços domésticos;Demissões;1162.7777777777778
2015;Transporte, armazenagem e correio;Admissões;1231.1219411961245
2015;Transporte, armazenagem e correio;Demissões;1505.898148205686
2015;Água, esgoto, atividades de gestão de resíduos e descontaminação;Admissões;1416.747443365696
2015;Água, esgoto, atividades de gestão de resíduos e descontaminação;Demissões;1557.697492063492
2016;Administração pública, defesa e seguridade social;Admissões;1713.1697856854023
2016;Administração pública, defesa e seguridade social;Demissões;1163.774434986792
2016;Agricultura, pecuária, produção florestal, pesca e aquicultura;Admissões;1189.0
2016;Agricultura, pecuária, produção florestal, pesca e aquicultura;Demissões;1060.608695652174
2016;Alojamento e alimentação;Admissões;1062.5217152500768
2016;Alojamento e alimentação;Demissões;1072.4590303867403
2016;Artes, cultura, esporte e recreação;Admissões;1199.2320846905538
2016;Artes, cultura, esporte e recreação;Demissões;1113.312074829932
2016;Atividades administrativas e serviços complementares;Admissões;1089.4471032525648
2016;Atividades administrativas e serviços complementares;Demissões;1199.370282878412
2016;Atividades financeiras, de seguros e serviços relacionados;Admissões;1847.9647956403269
2016;Atividades financeiras, de seguros e serviços relacionados;Demissões;6028.78273068267
2016;Atividades imobiliárias;Admissões;1297.8203100775195
2016;Atividades imobiliárias;Demissões;1395.0717105263157
2016;Atividades profissionais, científicas e técnicas;Admissões;1603.0906009852217
2016;Atividades profissionais, científicas e técnicas;Demissões;1722.1973000791766
2016;"Comércio; reparação de veículos automotores e motocicletas";Admissões;1330.865441769256
2016;"Comércio; reparação de veículos automotores e motocicletas";Demissões;1496.1669681733867
2016;Construção;Admissões;1050.6043079154579
2016;Construção;Demissões;1327.726367971062
2016;Educação;Admissões;1229.887354157097
2016;Educação;Demissões;1584.6247715946845
2016;Eletricidade e gás;Admissões;8000.0
2016;Eletricidade e gás;Demissões;8675.0
2016;Indústrias de transformação;Admissões;1820.9326375711576
2016;Indústrias de transformação;Demissões;1898.8650008613265
2016;Indústrias extrativas;Admissões;1604.739052631579
2016;Indústrias extrativas;Demissões;1206.368487394958
2016;Informação e comunicação;Admissões;1846.7162648626486
2016;Informação e comunicação;Demissões;1804.8933379348425
2016;Organismos internacionais e outras instituições extraterritoriais;Admissões;1190.75
2016;Organismos internacionais e outras instituições extraterritoriais;Demissões;1199.8
2016;Outras atividades de serviços;Admissões;1213.392415143603
2016;Outras atividades de serviços;Demissões;1344.7858056580567
2016;Saúde humana e serviços sociais;Admissões;995.3880056777856
2016;Saúde humana e serviços sociais;Demissões;1190.539105820106
2016;Serviços domésticos;Admissões;1562.0
2016;Serviços domésticos;Demissões;905.0
2016;Transporte, armazenagem e correio;Admissões;1393.3921561604584
2016;Transporte, armazenagem e correio;Demissões;1701.7101640024912
2016;Água, esgoto, atividades de gestão de resíduos e descontaminação;Admissões;1520.779064516129
2016;Água, esgoto, atividades de gestão de resíduos e descontaminação;Demissões;1670.2135483870968
2017;Administração pública, defesa e seguridade social;Admissões;1914.24857240671
2017;Administração pública, defesa e seguridade social;Demissões;999.0873101314771
2017;Agricultura, pecuária, produção florestal, pesca e aquicultura;Admissões;574.070303030303
2017;Agricultura, pecuária, produção florestal, pesca e aquicultura;Demissões;653.1361904761904
2017;Alojamento e alimentação;Admissões;1075.677905579399
2017;Alojamento e alimentação;Demissões;1170.3055226161368
2017;Artes, cultura, esporte e recreação;Admissões;1333.3567741935483
2017;Artes, cultura, esporte e recreação;Demissões;1488.7852249134949
2017;Atividades administrativas e serviços complementares;Admissões;1263.1599094618718
2017;Atividades administrativas e serviços complementares;Demissões;1339.892993776197
2017;Atividades financeiras, de seguros e serviços relacionados;Admissões;2583.6876062176166
2017;Atividades financeiras, de seguros e serviços relacionados;Demissões;7714.571640855457
2017;Atividades imobiliárias;Admissões;1502.1893548387097
2017;Atividades imobiliárias;Demissões;1476.4337190082645
2017;Atividades profissionais, científicas e técnicas;Admissões;2275.139728448276
2017;Atividades profissionais, científicas e técnicas;Demissões;2850.6402461139896
2017;"Comércio; reparação de veículos automotores e motocicletas";Admissões;1427.3208781255084
2017;"Comércio; reparação de veículos automotores e motocicletas";Demissões;1607.831084691424
2017;Construção;Admissões;1491.6484481086325
2017;Construção;Demissões;1607.3725884016972
2017;Educação;Admissões;1576.87290866783
2017;Educação;Demissões;2016.2088396946565
2017;Indústrias de transformação;Admissões;2191.1727497425336
2017;Indústrias de transformação;Demissões;2505.48752039555
2017;Indústrias extrativas;Admissões;849.5421875
2017;Indústrias extrativas;Demissões;787.2865676567657
2017;Informação e comunicação;Admissões;1836.2492491955668
2017;Informação e comunicação;Demissões;1964.9252758037226
2017;Organismos internacionais e outras instituições extraterritoriais;Admissões;1166.0
2017;Organismos internacionais e outras instituições extraterritoriais;Demissões;1155.2857142857142
2017;Outras atividades de serviços;Admissões;1174.249420103093
2017;Outras atividades de serviços;Demissões;1529.7087991021324
2017;Saúde humana e serviços sociais;Admissões;1531.2853587443947
2017;Saúde humana e serviços sociais;Demissões;916.7031849551415
2017;Serviços domésticos;Demissões;690.0
2017;Transporte, armazenagem e correio;Admissões;1340.4655103550297
2017;Transporte, armazenagem e correio;Demissões;1793.1915916787616
2017;Água, esgoto, atividades de gestão de resíduos e descontaminação;Admissões;1594.6844600938966
2017;Água, esgoto, atividades de gestão de resíduos e descontaminação;Demissões;1837.3222510822511
2018;Administração pública, defesa e seguridade social;Admissões;1648.836214511041
2018;Administração pública, defesa e seguridade social;Demissões;1665.504362339515
2018;Agricultura, pecuária, produção florestal, pesca e aquicultura;Admissões;1341.04
2018;Agricultura, pecuária, produção florestal, pesca e aquicultura;Demissões;1337.375
2018;Alojamento e alimentação;Admissões;1151.828692229558
2018;Alojamento e alimentação;Demissões;1218.5142482168333
2018;Artes, cultura, esporte e recreação;Admissões;1774.5640173410404
2018;Artes, cultura, esporte e recreação;Demissões;1727.2166666666667
2018;Atividades administrativas e serviços complementares;Admissões;1249.2724809040494
2018;Atividades administrativas e serviços complementares;Demissões;1237.9618100377766
2018;Atividades financeiras, de seguros e serviços relacionados;Admissões;2589.7482544861336
2018;Atividades financeiras, de seguros e serviços relacionados;Demissões;6039.387667584941
2018;Atividades imobiliárias;Admissões;1427.2377070063694
2018;Atividades imobiliárias;Demissões;1515.2885185185187
2018;Atividades profissionais, científicas e técnicas;Admissões;2327.6930758426965
2018;Atividades profissionais, científicas e técnicas;Demissões;2268.8545321637425
2018;"Comércio; reparação de veículos automotores e motocicletas";Admissões;1391.7900938404712
2018;"Comércio; reparação de veículos automotores e motocicletas";Demissões;1596.5612130751877
2018;Construção;Admissões;703.3785056673606
2018;Construção;Demissões;981.7928124543196
2018;Educação;Admissões;1456.393157640232
2018;Educação;Demissões;1688.1254168607359
2018;Eletricidade e gás;Admissões;8910.0
2018;Indústrias de transformação;Admissões;1946.2779011461316
2018;Indústrias de transformação;Demissões;2324.453702639143
2018;Indústrias extrativas;Admissões;1948.3454545454545
2018;Indústrias extrativas;Demissões;2014.4264705882354
2018;Informação e comunicação;Admissões;2203.446906137184
2018;Informação e comunicação;Demissões;2246.452162348877
2018;Outras atividades de serviços;Admissões;1448.1214268440144
2018;Outras atividades de serviços;Demissões;1580.445
2018;Saúde humana e serviços sociais;Admissões;1743.6549778493757
2018;Saúde humana e serviços sociais;Demissões;1225.0850235849057
2018;Serviços domésticos;Demissões;1076.0
2018;Transporte, armazenagem e correio;Admissões;1352.74981400209
2018;Transporte, armazenagem e correio;Demissões;1598.4468780273007
2018;Água, esgoto, atividades de gestão de resíduos e descontaminação;Admissões;1680.706
2018;Água, esgoto, atividades de gestão de resíduos e descontaminação;Demissões;1866.254419642857
2019;Administração pública, defesa e seguridade social;Admissões;1619.362697368421
2019;Administração pública, defesa e seguridade social;Demissões;1339.4444695259594
2019;Agricultura, pecuária, produção florestal, pesca e aquicultura;Admissões;1285.268611111111
2019;Agricultura, pecuária, produção florestal, pesca e aquicultura;Demissões;1558.975
2019;Alojamento e alimentação;Admissões;1194.3406133150934
2019;Alojamento e alimentação;Demissões;1256.329057591623
2019;Artes, cultura, esporte e recreação;Admissões;1549.9292537313434
2019;Artes, cultura, esporte e recreação;Demissões;1578.7789068825912
2019;Atividades administrativas e serviços complementares;Admissões;2068.1250301960417
2019;Atividades administrativas e serviços complementares;Demissões;1739.719747727505
2019;Atividades financeiras, de seguros e serviços relacionados;Admissões;3232.376089482859
2019;Atividades financeiras, de seguros e serviços relacionados;Demissões;5985.889691516709
2019;Atividades imobiliárias;Admissões;1450.320197044335
2019;Atividades imobiliárias;Demissões;1662.9013300492609
2019;Atividades profissionais, científicas e técnicas;Admissões;3347.8436312849162
2019;Atividades profissionais, científicas e técnicas;Demissões;2480.2310300111153
2019;"Comércio; reparação de veículos automotores e motocicletas";Admissões;1528.7654492015283
2019;"Comércio; reparação de veículos automotores e motocicletas";Demissões;1686.8941234711708
2019;Construção;Admissões;1465.5996586263288
2019;Construção;Demissões;1604.162186547926
2019;Educação;Admissões;1248.2193524283934
2019;Educação;Demissões;1682.5858474208928
2019;Indústrias de transformação;Admissões;2058.5682739343115
2019;Indústrias de transformação;Demissões;2005.357639290136
2019;Indústrias extrativas;Admissões;2399.8518518518517
2019;Indústrias extrativas;Demissões;2091.1369863013697
2019;Informação e comunicação;Admissões;2094.9169295870006
2019;Informação e comunicação;Demissões;2004.586042998257
2019;Outras atividades de serviços;Admissões;1428.7932484076432
2019;Outras atividades de serviços;Demissões;1815.2812763466043
2019;Saúde humana e serviços sociais;Admissões;1664.0026719160105
2019;Saúde humana e serviços sociais;Demissões;1697.9060681114552
2019;Serviços domésticos;Demissões;15.64
2019;Transporte, armazenagem e correio;Admissões;1606.3483686920702
2019;Transporte, armazenagem e correio;Demissões;1758.2477618847288
2019;Água, esgoto, atividades de gestão de resíduos e descontaminação;Admissões;1605.1807000000001
2019;Água, esgoto, atividades de gestão de resíduos e descontaminação;Demissões;1839.5573122529645
2020;Administração pública, defesa e seguridade social;Demissões;1780.499846491228
2020;Agricultura, pecuária, produção florestal, pesca e aquicultura;Admissões;1424.0
2020;Agricultura, pecuária, produção florestal, pesca e aquicultura;Demissões;1041.0
2020;Alojamento e alimentação;Admissões;1380.8816079384367
2020;Alojamento e alimentação;Demissões;1377.0813406010607
2020;Artes, cultura, esporte e recreação;Admissões;1397.6596015936254
2020;Artes, cultura, esporte e recreação;Demissões;5184.621530944625
2020;Atividades administrativas e serviços complementares;Admissões;1689.3561788784282
2020;Atividades administrativas e serviços complementares;Demissões;1625.6790709502416
2020;Atividades financeiras, de seguros e serviços relacionados;Admissões;3461.3341666666665
2020;Atividades financeiras, de seguros e serviços relacionados;Demissões;5468.505127143702
2020;Atividades imobiliárias;Admissões;1615.6698113207547
2020;Atividades imobiliárias;Demissões;2034.9561621621622
2020;Atividades profissionais, científicas e técnicas;Admissões;5237.543929721815
2020;Atividades profissionais, científicas e técnicas;Demissões;3975.7764056482674
2020;"Comércio; reparação de veículos automotores e motocicletas";Admissões;1650.5475329781837
2020;"Comércio; reparação de veículos automotores e motocicletas";Demissões;1739.765184141185
2020;Construção;Admissões;2052.396394984326
2020;Construção;Demissões;2977.221211508204
2020;Educação;Admissões;13712.550254515598
2020;Educação;Demissões;25347.086118690313
2020;Indústrias de transformação;Admissões;4007.8224168270553
2020;Indústrias de transformação;Demissões;4363.596809432146
2020;Informação e comunicação;Admissões;2537.1811447084237
2020;Informação e comunicação;Demissões;2573.8345405405407
2020;Outras atividades de serviços;Admissões;1732.1448648648648
2020;Outras atividades de serviços;Demissões;1728.0388480000001
2020;Saúde humana e serviços sociais;Admissões;2013.843216612378
2020;Saúde humana e serviços sociais;Demissões;1837.412147102526
2020;Transporte, armazenagem e correio;Admissões;2532.2538885383806
2020;Transporte, armazenagem e correio;Demissões;1830.255504351266
2020;Água, esgoto, atividades de gestão de resíduos e descontaminação;Admissões;1833.6505732484077
2020;Água, esgoto, atividades de gestão de resíduos e descontaminação;Demissões;2451.007070707071
2021;Administração pública, defesa e seguridade social;Admissões;1808.2889516129032
2021;Administração pública, defesa e seguridade social;Demissões;2515.1610638297875
2021;Agricultura, pecuária, produção florestal, pesca e aquicultura;Admissões;1320.5714285714287
2021;Agricultura, pecuária, produção florestal, pesca e aquicultura;Demissões;1296.0714285714287
2021;Alojamento e alimentação;Admissões;1403.3620718530524
2021;Alojamento e alimentação;Demissões;1483.894016629357
2021;Artes, cultura, esporte e recreação;Admissões;1947.3733529411763
2021;Artes, cultura, esporte e recreação;Demissões;1552.2111985018728
2021;Atividades administrativas e serviços complementares;Admissões;1912.5962062742922
2021;Atividades administrativas e serviços complementares;Demissões;1847.171905632411
2021;Atividades financeiras, de seguros e serviços relacionados;Admissões;2222.59803945746
2021;Atividades financeiras, de seguros e serviços relacionados;Demissões;2771.2821410579345
2021;Atividades imobiliárias;Admissões;1599.1830414746541
2021;Atividades imobiliárias;Demissões;1657.4713095238094
2021;Atividades profissionais, científicas e técnicas;Admissões;6511.5801274403475
2021;Atividades profissionais, científicas e técnicas;Demissões;4890.30955415398
2021;"Comércio; reparação de veículos automotores e motocicletas";Admissões;1716.6482876775078
2021;"Comércio; reparação de veículos automotores e motocicletas";Demissões;1761.6549751163043
2021;Construção;Admissões;2088.4764994984957
2021;Construção;Demissões;2492.7334197292066
2021;Educação;Admissões;19973.300970766682
2021;Educação;Demissões;23843.417772539775
2021;Indústrias de transformação;Admissões;12655.126878680801
2021;Indústrias de transformação;Demissões;2767.569950968947
2021;Indústrias extrativas;Admissões;1439.0
2021;Informação e comunicação;Admissões;3075.150634595701
2021;Informação e comunicação;Demissões;2824.382752070141
2021;Outras atividades de serviços;Admissões;2126.411277213353
2021;Outras atividades de serviços;Demissões;2186.1651165980797
2021;Saúde humana e serviços sociais;Admissões;1851.5587424471298
2021;Saúde humana e serviços sociais;Demissões;1925.114128440367
2021;Transporte, armazenagem e correio;Admissões;2748.4722047494242
2021;Transporte, armazenagem e correio;Demissões;2174.3538327770943
2021;Água, esgoto, atividades de gestão de resíduos e descontaminação;Admissões;1928.1541463414633
2021;Água, esgoto, atividades de gestão de resíduos e descontaminação;Demissões;2222.052167487685
2022;Administração pública, defesa e seguridade social;Admissões;2409.997564102564
2022;Administração pública, defesa e seguridade social;Demissões;2964.092077922078
2022;Agricultura, pecuária, produção florestal, pesca e aquicultura;Admissões;1371.7993333333334
2022;Agricultura, pecuária, produção florestal, pesca e aquicultura;Demissões;1480.9854545454546
2022;Alojamento e alimentação;Admissões;1558.4622619502868
2022;Alojamento e alimentação;Demissões;1493.3469345303263
2022;Artes, cultura, esporte e recreação;Admissões;1938.4114805825243
2022;Artes, cultura, esporte e recreação;Demissões;2040.174199288256
2022;Atividades administrativas e serviços complementares;Admissões;2043.8842864323187
2022;Atividades administrativas e serviços complementares;Demissões;1883.058134104617
2022;Atividades financeiras, de seguros e serviços relacionados;Admissões;3357.623577106518
2022;Atividades financeiras, de seguros e serviços relacionados;Demissões;3885.1819390581713
2022;Atividades imobiliárias;Admissões;1666.03020242915
2022;Atividades imobiliárias;Demissões;1743.6551798561152
2022;Atividades profissionais, científicas e técnicas;Admissões;7675.145711094565
2022;Atividades profissionais, científicas e técnicas;Demissões;6815.839582922825
2022;"Comércio; reparação de veículos automotores e motocicletas";Admissões;1879.8243051423715
2022;"Comércio; reparação de veículos automotores e motocicletas";Demissões;2413.8957863045553
2022;Construção;Admissões;2112.86775122646
2022;Construção;Demissões;2196.0664705882355
2022;Educação;Admissões;32018.08272205207
2022;Educação;Demissões;28129.23367477593
2022;Indústrias de transformação;Admissões;3566.47196987713
2022;Indústrias de transformação;Demissões;3787.0690743155146
2022;Informação e comunicação;Admissões;3010.601768768769
2022;Informação e comunicação;Demissões;3214.1287263464337
2022;Outras atividades de serviços;Admissões;1857.8945870646767
2022;Outras atividades de serviços;Demissões;2299.935623742455
2022;Saúde humana e serviços sociais;Admissões;1937.4102774108324
2022;Saúde humana e serviços sociais;Demissões;2017.4192404156215
2022;Transporte, armazenagem e correio;Admissões;3044.2713631228817
2022;Transporte, armazenagem e correio;Demissões;2495.6809700204053
2022;Água, esgoto, atividades de gestão de resíduos e descontaminação;Admissões;1986.9359604519773
2022;Água, esgoto, atividades de gestão de resíduos e descontaminação;Demissões;2086.1670355731226
2023;Administração pública, defesa e seguridade social;Admissões;3022.4166666666665
2023;Administração pública, defesa e seguridade social;Demissões;3179.643125
2023;Agricultura, pecuária, produção florestal, pesca e aquicultura;Admissões;1614.464347826087
2023;Agricultura, pecuária, produção florestal, pesca e aquicultura;Demissões;1657.980909090909
2023;Alojamento e alimentação;Admissões;1636.0457794006547
2023;Alojamento e alimentação;Demissões;1652.5482865884753
2023;Artes, cultura, esporte e recreação;Admissões;2087.2887131367293
2023;Artes, cultura, esporte e recreação;Demissões;2182.812694610778
2023;Atividades administrativas e serviços complementares;Admissões;1713.3079233142355
2023;Atividades administrativas e serviços complementares;Demissões;1697.9946131145182
2023;Atividades financeiras, de seguros e serviços relacionados;Admissões;6301.827704678363
2023;Atividades financeiras, de seguros e serviços relacionados;Demissões;6824.396711538461
2023;Atividades imobiliárias;Admissões;1858.1951871657755
2023;Atividades imobiliárias;Demissões;1962.414824120603
2023;Atividades profissionais, científicas e técnicas;Admissões;5369.833861118617
2023;Atividades profissionais, científicas e técnicas;Demissões;6242.211123858581
2023;"Comércio; reparação de veículos automotores e motocicletas";Admissões;1981.6822885777756
2023;"Comércio; reparação de veículos automotores e motocicletas";Demissões;2116.376940167511
2023;Construção;Admissões;2304.965812119039
2023;Construção;Demissões;2440.3944462025315
2023;Educação;Admissões;31239.62782152231
2023;Educação;Demissões;34480.88513972056
2023;Indústrias de transformação;Admissões;2867.086618575293
2023;Indústrias de transformação;Demissões;2918.3371255876427
2023;Indústrias extrativas;Demissões;
2023;Informação e comunicação;Admissões;5254.680003808073
2023;Informação e comunicação;Demissões;4295.185425685426
2023;Outras atividades de serviços;Admissões;2173.1778686635944
2023;Outras atividades de serviços;Demissões;2263.3856862745097
2023;Saúde humana e serviços sociais;Admissões;1849.9725259105714
2023;Saúde humana e serviços sociais;Demissões;1929.4514733096084
2023;Transporte, armazenagem e correio;Admissões;2480.390500346089
2023;Transporte, armazenagem e correio;Demissões;2557.8407269367012
2023;Água, esgoto, atividades de gestão de resíduos e descontaminação;Admissões;2134.781423076923
2023;Água, esgoto, atividades de gestão de resíduos e descontaminação;Demissões;2123.9253736654805
2024;Administração pública, defesa e seguridade social;Admissões;2993.29
2024;Administração pública, defesa e seguridade social;Demissões;3346.0479166666664
2024;Agricultura, pecuária, produção florestal, pesca e aquicultura;Admissões;2123.3914285714286
2024;Agricultura, pecuária, produção florestal, pesca e aquicultura;Demissões;2544.9715
2024;Alojamento e alimentação;Admissões;1955.953379101284
2024;Alojamento e alimentação;Demissões;1951.3671686417501
2024;Artes, cultura, esporte e recreação;Admissões;1881.3991154791154
2024;Artes, cultura, esporte e recreação;Demissões;2100.4309708737865
2024;Atividades administrativas e serviços complementares;Admissões;2203.721827592257
2024;Atividades administrativas e serviços complementares;Demissões;2053.979503930443
2024;Atividades financeiras, de seguros e serviços relacionados;Admissões;9234.09873284055
2024;Atividades financeiras, de seguros e serviços relacionados;Demissões;7754.445489361702
2024;Atividades imobiliárias;Admissões;1877.6448821548822
2024;Atividades imobiliárias;Demissões;1996.058455882353
2024;Atividades profissionais, científicas e técnicas;Admissões;6706.940224960877
2024;Atividades profissionais, científicas e técnicas;Demissões;5607.874534778682
2024;"Comércio; reparação de veículos automotores e motocicletas";Admissões;2111.006599780702
2024;"Comércio; reparação de veículos automotores e motocicletas";Demissões;2196.122806205569
2024;Construção;Admissões;2472.3959126224527
2024;Construção;Demissões;2464.1967708990037
2024;Educação;Admissões;50708.519740769836
2024;Educação;Demissões;16955.724904166666
2024;Indústrias de transformação;Admissões;2773.483406190172
2024;Indústrias de transformação;Demissões;3223.761426282051
2024;Informação e comunicação;Admissões;2713.878182543906
2024;Informação e comunicação;Demissões;3326.7634840425535
2024;Outras atividades de serviços;Admissões;2055.4607740717433
2024;Outras atividades de serviços;Demissões;2128.9996070569364
2024;Saúde humana e serviços sociais;Admissões;1849.3248553916874
2024;Saúde humana e serviços sociais;Demissões;1934.7382999582812
2024;Transporte, armazenagem e correio;Admissões;2541.54577328184
2024;Transporte, armazenagem e correio;Demissões;2529.393309121983
2024;Água, esgoto, atividades de gestão de resíduos e descontaminação;Admissões;2147.478808139535
2024;Água, esgoto, atividades de gestão de resíduos e descontaminação;Demissões;2377.4551436781608
2025;Administração pública, defesa e seguridade social;Demissões;4060.786
2025;Agricultura, pecuária, produção florestal, pesca e aquicultura;Admissões;3754.64
2025;Agricultura, pecuária, produção florestal, pesca e aquicultura;Demissões;2040.9766666666667
2025;Alojamento e alimentação;Admissões;2074.0947424576893
2025;Alojamento e alimentação;Demissões;1868.0447824382595
2025;Artes, cultura, esporte e recreação;Admissões;1949.897247706422
2025;Artes, cultura, esporte e recreação;Demissões;1878.9902732240437
2025;Atividades administrativas e serviços complementares;Admissões;2518.509847033595
2025;Atividades administrativas e serviços complementares;Demissões;2233.9918784854713
2025;Atividades financeiras, de seguros e serviços relacionados;Admissões;10144.77800153728
2025;Atividades financeiras, de seguros e serviços relacionados;Demissões;9107.087980107115
2025;Atividades imobiliárias;Admissões;1995.7925490196078
2025;Atividades imobiliárias;Demissões;2177.22989010989
2025;Atividades profissionais, científicas e técnicas;Admissões;7486.699341208541
2025;Atividades profissionais, científicas e técnicas;Demissões;6530.294704773869
2025;"Comércio; reparação de veículos automotores e motocicletas";Admissões;2211.24903029875
2025;"Comércio; reparação de veículos automotores e motocicletas";Demissões;2283.0161609178494
2025;Construção;Admissões;2459.200109756098
2025;Construção;Demissões;2451.3492129629626
2025;Educação;Admissões;29359.82216828479
2025;Educação;Demissões;26157.279857142854
2025;Eletricidade e gás;Admissões;7400.0
2025;Indústrias de transformação;Admissões;3034.764196283013
2025;Indústrias de transformação;Demissões;3306.182149425287
2025;Informação e comunicação;Admissões;2853.8067643051772
2025;Informação e comunicação;Demissões;3134.8524440411375
2025;Outras atividades de serviços;Admissões;2064.8530967741935
2025;Outras atividades de serviços;Demissões;2242.7640322580646
2025;Saúde humana e serviços sociais;Admissões;1977.451168831169
2025;Saúde humana e serviços sociais;Demissões;1976.8710459433041
2025;Transporte, armazenagem e correio;Admissões;2362.5080366000807
2025;Transporte, armazenagem e correio;Demissões;2489.8049297856614
2025;Água, esgoto, atividades de gestão de resíduos e descontaminação;Admissões;2116.9139024390242
2025;Água, esgoto, atividades de gestão de resíduos e descontaminação;Demissões;2505.6341614906833
