ano;cnae_2_descricao_secao;variable;media_idade
2010;Água, Esgoto, Atividades De Gestão De Resíduos E Descontaminação;Demissões;34.22941176470588
2010;Informação E Comunicação;Admissões;28.17398202009519
2024;Atividades Financeiras, De Seguros E Serviços Relacionados;Admissões;31.119493537325244
2014;Outras Atividades De Serviços;Demissões;32.70773638968481
2023;Transporte, Armazenagem E Correio;Demissões;34.196342392684784
2020;Construção;Demissões;36.27242076871207
2010;"Comércio; Reparação De Veículos Automotores E Motocicletas";Demissões;28.230409812128883
2010;Saúde Humana E Serviços Sociais;Admissões;29.512682551883167
2024;Construção;Demissões;35.77204679833942
2023;Outras Atividades De Serviços;Demissões;33.14244741873805
2020;Atividades Financeiras, De Seguros E Serviços Relacionados;Admissões;28.389830508474578
2011;Atividades Profissionais, Científicas E Técnicas;Admissões;29.663396689147763
2010;Atividades Profissionais, Científicas E Técnicas;Admissões;30.5466816647919
2011;Construção;Demissões;33.78012092611709
2012;Atividades Profissionais, Científicas E Técnicas;Demissões;30.675962815405047
2024;"Comércio; Reparação De Veículos Automotores E Motocicletas";Demissões;30.999408480905025
2022;Educação;Admissões;35.3106350420811
2020;Saúde Humana E Serviços Sociais;Admissões;31.498371335504885
2010;Construção;Demissões;33.66791930379747
2010;Educação;Admissões;31.840225563909776
2022;"Comércio; Reparação De Veículos Automotores E Motocicletas";Demissões;30.873603786903626
2021;Atividades Financeiras, De Seguros E Serviços Relacionados;Demissões;33.1536523929471
2010;Organismos Internacionais E Outras Instituições Extraterritoriais;Admissões;25.206642066420663
2021;"Comércio; Reparação De Veículos Automotores E Motocicletas";Demissões;30.979877751933792
2010;Indústrias De Transformação;Admissões;29.721869470177996
2010;Atividades Financeiras, De Seguros E Serviços Relacionados;Demissões;29.035424354243542
2022;Atividades Imobiliárias;Admissões;32.59919028340081
2020;Atividades Profissionais, Científicas E Técnicas;Admissões;28.59385065885798
2012;Administração Pública, Defesa E Seguridade Social;Demissões;42.97312005277045
2022;Atividades Profissionais, Científicas E Técnicas;Demissões;31.16269906419307
2024;Transporte, Armazenagem E Correio;Demissões;32.923416370106764
2023;Saúde Humana E Serviços Sociais;Admissões;29.26894031668697
2020;Água, Esgoto, Atividades De Gestão De Resíduos E Descontaminação;Admissões;33.05732484076433
2014;Educação;Demissões;28.995157384987895
2024;Outras Atividades De Serviços;Demissões;33.0976
2021;Educação;Demissões;36.96169711255156
2020;Atividades Administrativas E Serviços Complementares;Demissões;32.50190726455879
2021;Alojamento E Alimentação;Demissões;29.46611253196931
2021;Água, Esgoto, Atividades De Gestão De Resíduos E Descontaminação;Demissões;35.67487684729064
2012;Saúde Humana E Serviços Sociais;Admissões;30.76126878130217
2022;Atividades Financeiras, De Seguros E Serviços Relacionados;Demissões;32.578947368421055
2012;Água, Esgoto, Atividades De Gestão De Resíduos E Descontaminação;Demissões;34.2710843373494
2011;Indústrias De Transformação;Admissões;29.793912284529785
2011;Outras Atividades De Serviços;Admissões;30.42016806722689
2024;Administração Pública, Defesa E Seguridade Social;Admissões;35.223404255319146
2020;Atividades Imobiliárias;Admissões;31.79874213836478
2012;Atividades Profissionais, Científicas E Técnicas;Admissões;29.460910944935417
2024;Água, Esgoto, Atividades De Gestão De Resíduos E Descontaminação;Admissões;34.901162790697676
2024;Atividades Profissionais, Científicas E Técnicas;Admissões;31.087033053002152
2022;Outras Atividades De Serviços;Admissões;31.782306163021868
2020;Atividades Financeiras, De Seguros E Serviços Relacionados;Demissões;36.094027202838554
2011;Construção;Admissões;32.8727641760751
2023;"Comércio; Reparação De Veículos Automotores E Motocicletas";Demissões;30.9429494983418
2012;"Comércio; Reparação De Veículos Automotores E Motocicletas";Admissões;27.45412718836511
2010;"Comércio; Reparação De Veículos Automotores E Motocicletas";Admissões;27.48987479367124
2011;Educação;Admissões;30.680489101541735
2014;Organismos Internacionais E Outras Instituições Extraterritoriais;Admissões;26.176470588235293
2024;Construção;Admissões;35.15373369320738
2010;Transporte, Armazenagem E Correio;Admissões;31.95003265839321
2014;Alojamento E Alimentação;Demissões;27.031871701177426
2021;Indústrias De Transformação;Admissões;32.87691401648999
2011;Atividades Financeiras, De Seguros E Serviços Relacionados;Demissões;31.938069216757743
2012;Atividades Financeiras, De Seguros E Serviços Relacionados;Demissões;31.490521327014218
2024;Atividades Administrativas E Serviços Complementares;Admissões;32.89807838327201
2022;Saúde Humana E Serviços Sociais;Admissões;30.190702588483887
2020;Transporte, Armazenagem E Correio;Demissões;36.350474683544306
2024;Atividades Administrativas E Serviços Complementares;Demissões;33.08837513372162
2020;Indústrias De Transformação;Demissões;36.32579403272377
2010;Organismos Internacionais E Outras Instituições Extraterritoriais;Demissões;25.275
2014;"Comércio; Reparação De Veículos Automotores E Motocicletas";Admissões;27.824670824670825
2010;Alojamento E Alimentação;Demissões;29.853501318488135
2014;Atividades Administrativas E Serviços Complementares;Demissões;29.881126718469815
2024;Informação E Comunicação;Demissões;32.8462304882099
2011;Educação;Demissões;34.09286523216308
2014;Indústrias De Transformação;Demissões;32.226635851509464
2012;Atividades Imobiliárias;Admissões;32.40243902439025
2021;Atividades Imobiliárias;Demissões;32.464285714285715
2012;Indústrias De Transformação;Admissões;29.862717681454175
2011;Transporte, Armazenagem E Correio;Demissões;33.20415400202634
2011;Saúde Humana E Serviços Sociais;Demissões;31.69942196531792
2020;Construção;Admissões;34.81639050604568
2010;Outras Atividades De Serviços;Admissões;31.270676691729324
2024;Artes, Cultura, Esporte E Recreação;Admissões;29.638141809290953
2022;Informação E Comunicação;Demissões;32.938136826783115
2020;Atividades Imobiliárias;Demissões;34.50810810810811
2011;Transporte, Armazenagem E Correio;Admissões;32.21927416895395
2021;Atividades Profissionais, Científicas E Técnicas;Demissões;30.75598086124402
2010;Atividades Profissionais, Científicas E Técnicas;Demissões;30.848337388483372
2012;Atividades Imobiliárias;Demissões;32.317708333333336
2020;"Comércio; Reparação De Veículos Automotores E Motocicletas";Demissões;31.627918377351552
2020;Atividades Administrativas E Serviços Complementares;Admissões;31.58486833128667
2012;Alojamento E Alimentação;Admissões;30.627615062761507
2011;Atividades Financeiras, De Seguros E Serviços Relacionados;Admissões;24.134295227524973
2021;;Demissões;29.0
2022;Informação E Comunicação;Admissões;33.174174174174176
2021;Atividades Profissionais, Científicas E Técnicas;Admissões;30.370797180043382
2023;Administração Pública, Defesa E Seguridade Social;Demissões;47.44444444444444
2010;Água, Esgoto, Atividades De Gestão De Resíduos E Descontaminação;Admissões;31.405405405405407
2023;Atividades Imobiliárias;Demissões;32.59307359307359
2010;Alojamento E Alimentação;Admissões;29.62864077669903
2021;Artes, Cultura, Esporte E Recreação;Admissões;30.111764705882354
2011;Saúde Humana E Serviços Sociais;Admissões;30.373895976447496
2020;Educação;Admissões;34.67487684729064
2024;Administração Pública, Defesa E Seguridade Social;Demissões;44.916666666666664
2022;Transporte, Armazenagem E Correio;Demissões;34.766358073120976
2022;Administração Pública, Defesa E Seguridade Social;Demissões;45.18181818181818
2011;Atividades Administrativas E Serviços Complementares;Admissões;29.212104117978885
2011;Informação E Comunicação;Admissões;28.379931389365353
2023;Informação E Comunicação;Demissões;32.48945483485873
2023;Atividades Imobiliárias;Admissões;30.821100917431192
2014;Construção;Demissões;33.85190476190476
2014;Transporte, Armazenagem E Correio;Admissões;32.14886585549046
2021;Atividades Financeiras, De Seguros E Serviços Relacionados;Admissões;30.4845869297164
2023;Atividades Financeiras, De Seguros E Serviços Relacionados;Demissões;33.33666134185304
2023;Administração Pública, Defesa E Seguridade Social;Admissões;35.0
2011;Administração Pública, Defesa E Seguridade Social;Demissões;41.258144408458755
2021;Outras Atividades De Serviços;Demissões;35.78600823045267
2021;Saúde Humana E Serviços Sociais;Demissões;34.24566768603466
2023;Indústrias De Transformação;Demissões;34.63678892215569
2020;Transporte, Armazenagem E Correio;Admissões;32.373080967402736
2023;Água, Esgoto, Atividades De Gestão De Resíduos E Descontaminação;Demissões;35.95738636363637
2021;Água, Esgoto, Atividades De Gestão De Resíduos E Descontaminação;Admissões;31.79268292682927
2014;Informação E Comunicação;Admissões;30.59312728751525
2024;Indústrias De Transformação;Admissões;33.39859693877551
2012;Atividades Financeiras, De Seguros E Serviços Relacionados;Admissões;23.879890185312284
2022;Alojamento E Alimentação;Demissões;29.319027808189183
2024;Agricultura, Pecuária, Produção Florestal, Pesca E Aquicultura;Demissões;33.95
2023;Alojamento E Alimentação;Admissões;29.180256622516556
2014;Informação E Comunicação;Demissões;30.81650919940328
2022;Atividades Administrativas E Serviços Complementares;Admissões;30.7649476127737
2020;"Comércio; Reparação De Veículos Automotores E Motocicletas";Admissões;29.72095383054287
2014;Atividades Profissionais, Científicas E Técnicas;Admissões;29.34536082474227
2012;Artes, Cultura, Esporte E Recreação;Admissões;27.67628205128205
2022;Outras Atividades De Serviços;Demissões;34.89235412474849
2020;Informação E Comunicação;Demissões;35.05995085995086
2014;Alojamento E Alimentação;Admissões;26.280905752753977
2022;Alojamento E Alimentação;Admissões;28.63996175908222
2010;Atividades Administrativas E Serviços Complementares;Admissões;29.082416238689166
2024;Transporte, Armazenagem E Correio;Admissões;30.29079663098789
2012;Alojamento E Alimentação;Demissões;30.96728624535316
2024;Alojamento E Alimentação;Admissões;29.598932384341637
2020;Informação E Comunicação;Admissões;32.27537796976242
2012;Indústrias De Transformação;Demissões;32.408345925839825
2010;Saúde Humana E Serviços Sociais;Demissões;34.00327868852459
2014;Organismos Internacionais E Outras Instituições Extraterritoriais;Demissões;32.65
2024;Educação;Demissões;37.43485477178423
2011;Administração Pública, Defesa E Seguridade Social;Admissões;39.71862230005838
2023;Construção;Admissões;35.5471562275018
2023;Outras Atividades De Serviços;Admissões;32.1253357206804
2012;Educação;Demissões;32.620235934664244
2022;Educação;Demissões;36.51109215017065
2023;Educação;Admissões;35.1127409891031
2010;Transporte, Armazenagem E Correio;Demissões;33.27482993197279
2024;"Comércio; Reparação De Veículos Automotores E Motocicletas";Admissões;30.110559369066745
2020;Agricultura, Pecuária, Produção Florestal, Pesca E Aquicultura;Demissões;24.0
2020;Água, Esgoto, Atividades De Gestão De Resíduos E Descontaminação;Demissões;38.84848484848485
2023;Atividades Profissionais, Científicas E Técnicas;Demissões;31.494490082147866
2023;Alojamento E Alimentação;Demissões;29.283474576271185
2014;Transporte, Armazenagem E Correio;Demissões;33.26151410477836
2021;Transporte, Armazenagem E Correio;Admissões;30.71138114526249
2021;Educação;Admissões;34.313292884721456
2022;Construção;Demissões;35.93908547422847
2014;Indústrias Extrativas;Admissões;33.401162790697676
2024;Saúde Humana E Serviços Sociais;Demissões;30.748336106489184
2020;Alojamento E Alimentação;Admissões;28.146618063993518
2014;Artes, Cultura, Esporte E Recreação;Demissões;29.444444444444443
2022;Artes, Cultura, Esporte E Recreação;Demissões;30.409252669039144
2014;Indústrias De Transformação;Admissões;29.672120418848166
2021;"Comércio; Reparação De Veículos Automotores E Motocicletas";Admissões;29.790655061841502
2010;Artes, Cultura, Esporte E Recreação;Demissões;29.121951219512194
2011;Alojamento E Alimentação;Admissões;29.609443161406208
2021;Saúde Humana E Serviços Sociais;Admissões;32.60385196374622
2023;Atividades Profissionais, Científicas E Técnicas;Admissões;30.745653143111905
2021;Atividades Imobiliárias;Admissões;32.74193548387097
2021;Agricultura, Pecuária, Produção Florestal, Pesca E Aquicultura;Admissões;28.928571428571427
2023;"Comércio; Reparação De Veículos Automotores E Motocicletas";Admissões;29.783249978808172
2020;Artes, Cultura, Esporte E Recreação;Demissões;31.495114006514658
2022;Atividades Profissionais, Científicas E Técnicas;Admissões;30.12928039702233
2024;Atividades Imobiliárias;Admissões;32.303030303030305
2010;Informação E Comunicação;Demissões;29.591879593979698
2024;Atividades Profissionais, Científicas E Técnicas;Demissões;32.62110960757781
2011;Atividades Profissionais, Científicas E Técnicas;Demissões;29.66618808327351
2021;Informação E Comunicação;Admissões;31.44046400545889
2021;Atividades Administrativas E Serviços Complementares;Demissões;32.06763833992095
2012;Construção;Admissões;32.41476613838423
2012;Informação E Comunicação;Admissões;28.160662525879918
2011;Outras Atividades De Serviços;Demissões;32.975494816211125
2014;Saúde Humana E Serviços Sociais;Admissões;30.549881796690308
2021;Outras Atividades De Serviços;Admissões;31.590711175616836
2021;Alojamento E Alimentação;Admissões;28.18692598595354
2021;Construção;Demissões;36.15296847805067
2021;Administração Pública, Defesa E Seguridade Social;Demissões;46.00709219858156
2024;Artes, Cultura, Esporte E Recreação;Demissões;31.37621359223301
2020;Outras Atividades De Serviços;Demissões;36.28
2012;Água, Esgoto, Atividades De Gestão De Resíduos E Descontaminação;Admissões;33.36235294117647
2010;Outras Atividades De Serviços;Demissões;32.05614714424008
2011;Atividades Administrativas E Serviços Complementares;Demissões;30.035965598123536
2022;Construção;Admissões;35.327747035573125
2023;Atividades Administrativas E Serviços Complementares;Admissões;31.106792276437382
2022;Indústrias De Transformação;Demissões;34.198305821025194
2012;Artes, Cultura, Esporte E Recreação;Demissões;28.741830065359476
2010;Construção;Admissões;33.312154696132595
2022;Artes, Cultura, Esporte E Recreação;Admissões;31.733009708737864
2020;Artes, Cultura, Esporte E Recreação;Admissões;28.94422310756972
2010;Educação;Demissões;34.742712294043095
2023;Atividades Administrativas E Serviços Complementares;Demissões;31.56549879972044
2024;Atividades Imobiliárias;Demissões;32.339416058394164
2012;"Comércio; Reparação De Veículos Automotores E Motocicletas";Demissões;28.60480234022671
2011;Indústrias De Transformação;Demissões;31.72017673048601
2014;Atividades Imobiliárias;Demissões;33.26502732240437
2022;Atividades Imobiliárias;Demissões;34.669064748201436
2023;Indústrias De Transformação;Admissões;32.45282311011067
2020;Alojamento E Alimentação;Demissões;30.631997642899233
2021;Informação E Comunicação;Demissões;33.844617632732586
2023;Construção;Demissões;36.11274668392106
2021;Indústrias De Transformação;Demissões;35.101797805276675
2021;Artes, Cultura, Esporte E Recreação;Demissões;31.01498127340824
2011;Informação E Comunicação;Demissões;29.282675814751286
2023;Saúde Humana E Serviços Sociais;Demissões;30.723928157589803
2012;Saúde Humana E Serviços Sociais;Demissões;31.34611650485437
2021;Atividades Administrativas E Serviços Complementares;Admissões;31.077561077179343
2012;Outras Atividades De Serviços;Admissões;30.337719298245613
2024;Outras Atividades De Serviços;Admissões;33.430817610062896
2014;Saúde Humana E Serviços Sociais;Demissões;31.80521472392638
2014;Construção;Admissões;32.86966225264098
2022;Água, Esgoto, Atividades De Gestão De Resíduos E Descontaminação;Demissões;34.976284584980235
2014;Água, Esgoto, Atividades De Gestão De Resíduos E Descontaminação;Demissões;33.253369272237194
2022;Administração Pública, Defesa E Seguridade Social;Admissões;34.833333333333336
2014;Administração Pública, Defesa E Seguridade Social;Admissões;40.002957121734845
2024;Água, Esgoto, Atividades De Gestão De Resíduos E Descontaminação;Demissões;36.12931034482759
2012;Outras Atividades De Serviços;Demissões;32.182214472537055
2024;Educação;Admissões;35.90509803921569
2022;Água, Esgoto, Atividades De Gestão De Resíduos E Descontaminação;Admissões;34.67323943661972
2023;Artes, Cultura, Esporte E Recreação;Admissões;30.071739130434782
2010;Indústrias De Transformação;Demissões;31.77378954163977
2012;Educação;Admissões;29.827622748145533
2014;Atividades Financeiras, De Seguros E Serviços Relacionados;Admissões;23.949526813880126
2024;Agricultura, Pecuária, Produção Florestal, Pesca E Aquicultura;Admissões;35.42857142857143
2012;Informação E Comunicação;Demissões;30.851063829787233
2012;Atividades Administrativas E Serviços Complementares;Admissões;29.28692483687823
2014;Artes, Cultura, Esporte E Recreação;Admissões;29.47129909365559
2022;"Comércio; Reparação De Veículos Automotores E Motocicletas";Admissões;29.668252282862603
2022;Agricultura, Pecuária, Produção Florestal, Pesca E Aquicultura;Demissões;29.636363636363637
2014;Administração Pública, Defesa E Seguridade Social;Demissões;41.77508004268943
2020;Educação;Demissões;37.64597544338336
2014;Atividades Financeiras, De Seguros E Serviços Relacionados;Demissões;33.93076374018558
2024;Alojamento E Alimentação;Demissões;29.909173643975247
2022;Atividades Financeiras, De Seguros E Serviços Relacionados;Admissões;29.58028616852146
2012;Transporte, Armazenagem E Correio;Demissões;33.27079466846634
2024;Informação E Comunicação;Admissões;30.864663653283703
2014;Educação;Admissões;27.986945169712794
2023;Agricultura, Pecuária, Produção Florestal, Pesca E Aquicultura;Demissões;29.605263157894736
2023;Água, Esgoto, Atividades De Gestão De Resíduos E Descontaminação;Admissões;34.788059701492536
2020;Administração Pública, Defesa E Seguridade Social;Demissões;44.85087719298246
2021;Transporte, Armazenagem E Correio;Demissões;34.635692956262076
2012;Transporte, Armazenagem E Correio;Admissões;32.6123293973317
2023;Transporte, Armazenagem E Correio;Admissões;31.046752007632982
2024;Atividades Financeiras, De Seguros E Serviços Relacionados;Demissões;34.18090452261306
2011;"Comércio; Reparação De Veículos Automotores E Motocicletas";Demissões;28.383514117084065
2022;Agricultura, Pecuária, Produção Florestal, Pesca E Aquicultura;Admissões;30.366666666666667
2020;Atividades Profissionais, Científicas E Técnicas;Demissões;30.687205819426616
2014;Outras Atividades De Serviços;Admissões;32.25847457627118
2010;Atividades Financeiras, De Seguros E Serviços Relacionados;Admissões;24.123865456486918
2023;Educação;Demissões;37.225071225071225
2023;Agricultura, Pecuária, Produção Florestal, Pesca E Aquicultura;Admissões;29.24
2020;Indústrias De Transformação;Admissões;32.907616167170744
2012;Atividades Administrativas E Serviços Complementares;Demissões;29.86221950580634
2014;"Comércio; Reparação De Veículos Automotores E Motocicletas";Demissões;28.852869463954292
2014;Atividades Profissionais, Científicas E Técnicas;Demissões;30.890461997019376
2022;Transporte, Armazenagem E Correio;Admissões;33.400878293601004
2022;Atividades Administrativas E Serviços Complementares;Demissões;31.65102587604879
2023;Atividades Financeiras, De Seguros E Serviços Relacionados;Admissões;28.575723199092455
2020;Saúde Humana E Serviços Sociais;Demissões;33.30883444691908
2010;Atividades Imobiliárias;Demissões;32.15432098765432
2023;Informação E Comunicação;Admissões;30.39993666877771
2020;Outras Atividades De Serviços;Admissões;33.195945945945944
2010;Atividades Administrativas E Serviços Complementares;Demissões;29.326685934489404
2011;Artes, Cultura, Esporte E Recreação;Admissões;26.028070175438597
2024;Indústrias De Transformação;Demissões;34.91616660783622
2024;Saúde Humana E Serviços Sociais;Admissões;29.592231151932644
2014;Água, Esgoto, Atividades De Gestão De Resíduos E Descontaminação;Admissões;31.175977653631286
2023;Artes, Cultura, Esporte E Recreação;Demissões;31.463659147869674
2021;Agricultura, Pecuária, Produção Florestal, Pesca E Aquicultura;Demissões;40.285714285714285
2012;Construção;Demissões;33.28034767236299
2014;Atividades Administrativas E Serviços Complementares;Admissões;29.175746091899573
2012;Administração Pública, Defesa E Seguridade Social;Admissões;42.183051969546504
2022;Indústrias De Transformação;Admissões;33.20645928274222
2014;Atividades Imobiliárias;Admissões;30.302839116719245
2021;Construção;Admissões;35.30778048431007
2011;Alojamento E Alimentação;Demissões;30.0658159838818
2021;Indústrias Extrativas;Admissões;31.0
2011;"Comércio; Reparação De Veículos Automotores E Motocicletas";Admissões;27.545712578428443
2021;Administração Pública, Defesa E Seguridade Social;Admissões;34.12903225806452
2022;Saúde Humana E Serviços Sociais;Demissões;33.4171142141067
2025;Atividades Financeiras, De Seguros E Serviços Relacionados;Admissões;31.735621072982116
2008;Indústrias De Transformação;Admissões;29.214633537270572
2016;Educação;Demissões;33.45888704318937
2025;Indústrias De Transformação;Admissões;33.14807783578548
2009;Construção;Admissões;34.077028081123245
2008;Administração Pública, Defesa E Seguridade Social;Admissões;39.79173838209983
2016;Construção;Admissões;34.17343555739743
2008;Atividades Administrativas E Serviços Complementares;Admissões;30.35675113464448
2009;Transporte, Armazenagem E Correio;Admissões;31.660575427682737
2009;Atividades Profissionais, Científicas E Técnicas;Admissões;29.459783913565428
2013;Construção;Demissões;32.90228389708008
2016;Outras Atividades De Serviços;Demissões;35.65928659286593
2013;Atividades Administrativas E Serviços Complementares;Demissões;31.454716658106488
2020;Agricultura, Pecuária, Produção Florestal, Pesca E Aquicultura;Admissões;25.0
2025;Alojamento E Alimentação;Admissões;30.137570188871873
2009;Alojamento E Alimentação;Admissões;28.50127365356623
2009;Atividades Administrativas E Serviços Complementares;Admissões;29.617926284437825
2009;Saúde Humana E Serviços Sociais;Demissões;31.74376199616123
2016;Saúde Humana E Serviços Sociais;Demissões;32.67089947089947
2025;Alojamento E Alimentação;Demissões;30.130459126539755
2009;Saúde Humana E Serviços Sociais;Admissões;29.726981585268213
2008;Indústrias De Transformação;Demissões;31.76459535632801
2016;Outras Atividades De Serviços;Admissões;32.445169712793735
2025;Atividades Administrativas E Serviços Complementares;Admissões;33.52956115400244
2016;"Comércio; Reparação De Veículos Automotores E Motocicletas";Admissões;28.75324109380107
2013;Saúde Humana E Serviços Sociais;Admissões;30.03060712493728
2007;;Admissões;30.30385249587768
2025;Informação E Comunicação;Demissões;33.17476149176063
2013;Educação;Demissões;32.06753990994679
2013;Saúde Humana E Serviços Sociais;Demissões;32.25505188421628
2025;Artes, Cultura, Esporte E Recreação;Demissões;30.725806451612904
2016;Indústrias De Transformação;Demissões;35.28492678725237
2025;Artes, Cultura, Esporte E Recreação;Admissões;31.636363636363637
2008;Atividades Profissionais, Científicas E Técnicas;Demissões;28.446153846153845
2013;Transporte, Armazenagem E Correio;Admissões;31.75939419917131
2025;Atividades Imobiliárias;Demissões;35.00653594771242
2009;Informação E Comunicação;Admissões;29.246714709622722
2025;Atividades Imobiliárias;Admissões;33.020270270270274
2013;Atividades Administrativas E Serviços Complementares;Admissões;29.771844660194176
2016;"Comércio; Reparação De Veículos Automotores E Motocicletas";Demissões;30.251976959875037
2025;Atividades Profissionais, Científicas E Técnicas;Admissões;31.563401442307693
2025;Saúde Humana E Serviços Sociais;Demissões;30.25257731958763
2013;Construção;Admissões;32.29098576700053
2025;Outras Atividades De Serviços;Admissões;32.71253822629969
2008;Informação E Comunicação;Admissões;28.73268292682927
2009;Transporte, Armazenagem E Correio;Demissões;32.2320710810239
2008;Transporte, Armazenagem E Correio;Admissões;31.211999268337298
2016;Alojamento E Alimentação;Admissões;27.287818349186868
2009;Construção;Demissões;34.3042189281642
2013;Educação;Admissões;30.601363473268748
2025;"Comércio; Reparação De Veículos Automotores E Motocicletas";Admissões;30.6194948023904
2008;Informação E Comunicação;Demissões;31.813064259160914
2009;Alojamento E Alimentação;Demissões;30.708071278825997
2016;Educação;Admissões;31.886541111621497
2009;"Comércio; Reparação De Veículos Automotores E Motocicletas";Admissões;27.38656657835345
2016;Administração Pública, Defesa E Seguridade Social;Admissões;41.8362312980186
2008;Administração Pública, Defesa E Seguridade Social;Demissões;40.010473235065945
2025;Saúde Humana E Serviços Sociais;Admissões;28.876023722112397
2009;Indústrias De Transformação;Admissões;29.356280940594058
2008;Atividades Financeiras, De Seguros E Serviços Relacionados;Demissões;29.129682997118156
2013;Atividades Profissionais, Científicas E Técnicas;Demissões;30.714396887159534
2013;Administração Pública, Defesa E Seguridade Social;Admissões;42.467775709632384
2025;Atividades Profissionais, Científicas E Técnicas;Demissões;33.23037100949094
2016;Saúde Humana E Serviços Sociais;Admissões;32.47941802696948
2013;Artes, Cultura, Esporte E Recreação;Admissões;27.885572139303484
2009;Administração Pública, Defesa E Seguridade Social;Demissões;40.9073534175575
2025;Educação;Admissões;36.82023195876289
2021;;Admissões;37.0
2025;Atividades Administrativas E Serviços Complementares;Demissões;33.79628283667324
2016;Transporte, Armazenagem E Correio;Demissões;34.7778700435956
2008;Saúde Humana E Serviços Sociais;Demissões;31.25760649087221
2016;Atividades Administrativas E Serviços Complementares;Demissões;31.820347394540942
2025;Construção;Demissões;35.53382782647786
2025;Atividades Financeiras, De Seguros E Serviços Relacionados;Demissões;34.77860564129856
2009;Atividades Administrativas E Serviços Complementares;Demissões;30.83517921868707
2013;Atividades Financeiras, De Seguros E Serviços Relacionados;Admissões;23.76917854718262
2025;Outras Atividades De Serviços;Demissões;33.00953389830509
2025;Educação;Demissões;37.71533923303835
2013;Atividades Profissionais, Científicas E Técnicas;Admissões;29.16555407209613
2009;Educação;Demissões;34.700066357000665
2013;Artes, Cultura, Esporte E Recreação;Demissões;27.373684210526317
2016;Alojamento E Alimentação;Demissões;28.75635359116022
2009;Atividades Profissionais, Científicas E Técnicas;Demissões;30.6047197640118
2016;Atividades Financeiras, De Seguros E Serviços Relacionados;Demissões;38.47861965491373
2025;Transporte, Armazenagem E Correio;Demissões;30.708588324279724
2013;"Comércio; Reparação De Veículos Automotores E Motocicletas";Demissões;28.86248002418693
2025;Construção;Admissões;34.78842756183746
2016;Atividades Administrativas E Serviços Complementares;Admissões;30.133704431346867
2016;Artes, Cultura, Esporte E Recreação;Demissões;28.918367346938776
2009;Indústrias De Transformação;Demissões;33.01085375405617
2008;Saúde Humana E Serviços Sociais;Admissões;29.147033533963885
2016;Construção;Demissões;34.778033541598155
2013;Alojamento E Alimentação;Demissões;31.08293655187687
2009;Outras Atividades De Serviços;Demissões;31.664759725400458
2016;Atividades Profissionais, Científicas E Técnicas;Demissões;33.1353919239905
2025;Água, Esgoto, Atividades De Gestão De Resíduos E Descontaminação;Admissões;36.67741935483871
2008;Alojamento E Alimentação;Admissões;29.721400543314218
2016;Artes, Cultura, Esporte E Recreação;Admissões;27.876221498371336
2025;Transporte, Armazenagem E Correio;Admissões;29.557443298969073
2025;Indústrias De Transformação;Demissões;34.78711409395973
2013;Alojamento E Alimentação;Admissões;30.137292594091463
2008;Atividades Financeiras, De Seguros E Serviços Relacionados;Admissões;22.10952380952381
2013;Indústrias De Transformação;Admissões;29.536455412226584
2009;"Comércio; Reparação De Veículos Automotores E Motocicletas";Demissões;28.558902983321587
2023;;Demissões;19.0
2008;Outras Atividades De Serviços;Admissões;29.499521531100477
2007;;Demissões;30.56200280767431
2009;Atividades Financeiras, De Seguros E Serviços Relacionados;Admissões;25.42128027681661
2013;Administração Pública, Defesa E Seguridade Social;Demissões;42.698015873015876
2008;Alojamento E Alimentação;Demissões;30.27742946708464
2013;"Comércio; Reparação De Veículos Automotores E Motocicletas";Admissões;27.90508172843502
2025;Agricultura, Pecuária, Produção Florestal, Pesca E Aquicultura;Demissões;31.857142857142858
2009;Administração Pública, Defesa E Seguridade Social;Admissões;41.358822950497
2016;Transporte, Armazenagem E Correio;Admissões;33.20081184336199
2008;"Comércio; Reparação De Veículos Automotores E Motocicletas";Admissões;27.45811937496549
2008;Construção;Demissões;34.30662214802449
2025;"Comércio; Reparação De Veículos Automotores E Motocicletas";Demissões;31.25938351855735
2008;"Comércio; Reparação De Veículos Automotores E Motocicletas";Demissões;28.371911325668552
2008;Transporte, Armazenagem E Correio;Demissões;32.36372114712054
2025;Informação E Comunicação;Admissões;30.878167641325536
2016;Administração Pública, Defesa E Seguridade Social;Demissões;42.72791312004696
2025;Água, Esgoto, Atividades De Gestão De Resíduos E Descontaminação;Demissões;37.05084745762712
2013;Transporte, Armazenagem E Correio;Demissões;32.57828319882612
2017;Saúde Humana E Serviços Sociais;Admissões;31.17656950672646
2019;Atividades Administrativas E Serviços Complementares;Demissões;33.33806557042182
2007;Outras Atividades De Serviços;Demissões;33.69379014989293
2017;Informação E Comunicação;Admissões;31.414372542009296
2019;Saúde Humana E Serviços Sociais;Demissões;33.575851393188856
2018;Outras Atividades De Serviços;Admissões;34.69165659008464
2007;Construção;Admissões;34.248536870854466
2015;Atividades Imobiliárias;Admissões;32.52272727272727
2017;Outras Atividades De Serviços;Admissões;31.373711340206185
2015;Água, Esgoto, Atividades De Gestão De Resíduos E Descontaminação;Demissões;35.25396825396825
2017;Atividades Financeiras, De Seguros E Serviços Relacionados;Admissões;24.853886010362693
2007;Alojamento E Alimentação;Demissões;29.818892362661902
2007;Educação;Demissões;33.209968186638385
2017;Educação;Demissões;36.67430025445292
2009;Água, Esgoto, Atividades De Gestão De Resíduos E Descontaminação;Demissões;35.9
2018;Administração Pública, Defesa E Seguridade Social;Demissões;42.686162624821684
2019;Atividades Financeiras, De Seguros E Serviços Relacionados;Admissões;26.092969203951192
2017;Atividades Profissionais, Científicas E Técnicas;Demissões;32.1690414507772
2017;Construção;Demissões;36.46025459688826
2017;Saúde Humana E Serviços Sociais;Demissões;35.64423740510697
2007;Atividades Imobiliárias;Admissões;31.19607843137255
2008;Atividades Administrativas E Serviços Complementares;Demissões;31.50049778260476
2010;Artes, Cultura, Esporte E Recreação;Admissões;28.217532467532468
2011;Atividades Imobiliárias;Admissões;30.786729857819907
2015;Informação E Comunicação;Demissões;32.47008066028888
2007;Artes, Cultura, Esporte E Recreação;Demissões;28.931407942238266
2008;Agricultura, Pecuária, Produção Florestal, Pesca E Aquicultura;Admissões;28.345454545454544
2008;Atividades Profissionais, Científicas E Técnicas;Admissões;28.094533029612755
2007;Indústrias De Transformação;Admissões;29.34698756773988
2007;Saúde Humana E Serviços Sociais;Demissões;31.661218424962854
2015;Atividades Administrativas E Serviços Complementares;Admissões;29.946625247105338
2007;Alojamento E Alimentação;Admissões;29.2103670071888
2009;Organismos Internacionais E Outras Instituições Extraterritoriais;Admissões;23.6875
2019;Construção;Demissões;35.68150925708929
2008;Artes, Cultura, Esporte E Recreação;Demissões;26.449494949494948
2007;Administração Pública, Defesa E Seguridade Social;Demissões;38.27888730385164
2015;Educação;Demissões;31.51492799438005
2009;Artes, Cultura, Esporte E Recreação;Demissões;27.290076335877863
2008;Atividades Imobiliárias;Demissões;29.866666666666667
2016;Água, Esgoto, Atividades De Gestão De Resíduos E Descontaminação;Admissões;31.393548387096775
2015;Atividades Financeiras, De Seguros E Serviços Relacionados;Admissões;24.017839444995044
2007;Água, Esgoto, Atividades De Gestão De Resíduos E Descontaminação;Demissões;34.90625
2018;Educação;Demissões;36.044713553795994
2007;Serviços Domésticos;Demissões;24.0
2016;Indústrias De Transformação;Admissões;32.2252642992681
2019;Construção;Admissões;34.91067048242028
2017;Educação;Admissões;33.81442699243746
2017;Transporte, Armazenagem E Correio;Admissões;33.360207100591715
2017;Indústrias De Transformação;Demissões;35.29072929542645
2019;Administração Pública, Defesa E Seguridade Social;Demissões;41.97516930022574
2017;Administração Pública, Defesa E Seguridade Social;Demissões;44.63341067285383
2018;Atividades Financeiras, De Seguros E Serviços Relacionados;Admissões;26.67536704730832
2007;Transporte, Armazenagem E Correio;Admissões;30.473061224489797
2015;Administração Pública, Defesa E Seguridade Social;Admissões;43.679152397260275
2007;Atividades Financeiras, De Seguros E Serviços Relacionados;Demissões;30.46282973621103
2009;Outras Atividades De Serviços;Admissões;29.995107632093934
2018;Água, Esgoto, Atividades De Gestão De Resíduos E Descontaminação;Admissões;38.63030303030303
2009;Atividades Financeiras, De Seguros E Serviços Relacionados;Demissões;32.51783893985729
2018;Atividades Financeiras, De Seguros E Serviços Relacionados;Demissões;35.91919191919192
2008;Educação;Admissões;31.886013986013985
2013;Outras Atividades De Serviços;Demissões;31.36485580147552
2017;Outras Atividades De Serviços;Demissões;35.82828282828283
2019;Indústrias Extrativas;Demissões;41.12328767123287
2015;"Comércio; Reparação De Veículos Automotores E Motocicletas";Admissões;28.1857961522718
2017;Água, Esgoto, Atividades De Gestão De Resíduos E Descontaminação;Demissões;33.27272727272727
2019;Educação;Demissões;36.44733420026008
2007;Informação E Comunicação;Admissões;28.797892720306514
2015;Atividades Financeiras, De Seguros E Serviços Relacionados;Demissões;33.35160202360877
2007;Transporte, Armazenagem E Correio;Demissões;33.162955713237096
2016;Indústrias Extrativas;Demissões;36.47899159663866
2007;Administração Pública, Defesa E Seguridade Social;Admissões;39.518105009052505
2013;Indústrias De Transformação;Demissões;32.07719389750945
2013;Água, Esgoto, Atividades De Gestão De Resíduos E Descontaminação;Demissões;34.02956989247312
2019;Atividades Profissionais, Científicas E Técnicas;Admissões;28.56095957936247
2013;Atividades Financeiras, De Seguros E Serviços Relacionados;Demissões;35.32275132275132
2009;Educação;Admissões;32.317767653758544
2019;Água, Esgoto, Atividades De Gestão De Resíduos E Descontaminação;Demissões;35.0
2019;Alojamento E Alimentação;Demissões;29.42460732984293
2016;Organismos Internacionais E Outras Instituições Extraterritoriais;Demissões;22.0
2009;Informação E Comunicação;Demissões;31.018587360594797
2007;Atividades Administrativas E Serviços Complementares;Admissões;30.113767019667172
2019;Transporte, Armazenagem E Correio;Demissões;36.05847707193942
2018;Alojamento E Alimentação;Admissões;28.26917216861351
2013;Outras Atividades De Serviços;Admissões;30.44326241134752
2019;"Comércio; Reparação De Veículos Automotores E Motocicletas";Demissões;31.16491943311978
2018;Atividades Imobiliárias;Admissões;32.48407643312102
2015;Alojamento E Alimentação;Demissões;28.167288847410173
2018;Atividades Administrativas E Serviços Complementares;Demissões;32.55639503507825
2015;Informação E Comunicação;Admissões;29.485176738882554
2013;Atividades Imobiliárias;Admissões;32.448113207547166
2018;Transporte, Armazenagem E Correio;Demissões;35.37912813738441
2008;Educação;Demissões;34.8109627547435
2017;Alojamento E Alimentação;Admissões;28.124463519313306
2007;Educação;Admissões;31.684918347742556
2018;Água, Esgoto, Atividades De Gestão De Resíduos E Descontaminação;Demissões;35.004464285714285
2008;Artes, Cultura, Esporte E Recreação;Admissões;27.150537634408604
2011;Água, Esgoto, Atividades De Gestão De Resíduos E Descontaminação;Demissões;35.27906976744186
2015;Atividades Profissionais, Científicas E Técnicas;Admissões;30.47945205479452
2016;Atividades Imobiliárias;Demissões;33.421052631578945
2017;Indústrias De Transformação;Admissões;32.25575008582218
2019;Informação E Comunicação;Demissões;33.134224288204535
2007;Atividades Administrativas E Serviços Complementares;Demissões;30.52583485628842
2017;"Comércio; Reparação De Veículos Automotores E Motocicletas";Admissões;29.38710202310571
2018;Construção;Demissões;34.470252887004825
2016;Indústrias Extrativas;Admissões;35.67894736842105
2009;Atividades Imobiliárias;Demissões;32.84313725490196
2018;Informação E Comunicação;Demissões;32.8013816925734
2017;Atividades Imobiliárias;Demissões;31.636363636363637
2016;Informação E Comunicação;Demissões;33.23136388735505
2018;Alojamento E Alimentação;Demissões;29.757203994293867
2017;Transporte, Armazenagem E Correio;Demissões;35.41388485728108
2019;Água, Esgoto, Atividades De Gestão De Resíduos E Descontaminação;Admissões;32.0
2015;Outras Atividades De Serviços;Demissões;34.028985507246375
2009;Atividades Imobiliárias;Admissões;29.474137931034484
2019;Transporte, Armazenagem E Correio;Admissões;34.09927909371782
2018;Atividades Profissionais, Científicas E Técnicas;Admissões;28.73068820224719
2017;Artes, Cultura, Esporte E Recreação;Demissões;29.643598615916954
2010;Atividades Imobiliárias;Admissões;28.149484536082475
2015;Indústrias De Transformação;Admissões;30.300265134776843
2007;Atividades Profissionais, Científicas E Técnicas;Demissões;29.04375
2013;Atividades Imobiliárias;Demissões;31.989795918367346
2018;Construção;Admissões;33.065348137867225
2018;"Comércio; Reparação De Veículos Automotores E Motocicletas";Demissões;31.060548822078808
2018;Artes, Cultura, Esporte E Recreação;Admissões;29.595375722543352
2015;Administração Pública, Defesa E Seguridade Social;Demissões;43.55571861853048
2016;Serviços Domésticos;Admissões;26.0
2017;Atividades Administrativas E Serviços Complementares;Admissões;31.62305534302474
2007;Construção;Demissões;34.95650372825187
2007;Atividades Imobiliárias;Demissões;30.67105263157895
2013;Informação E Comunicação;Admissões;28.84
2018;Transporte, Armazenagem E Correio;Admissões;33.11954022988506
2018;Artes, Cultura, Esporte E Recreação;Demissões;32.63076923076923
2018;Atividades Imobiliárias;Demissões;32.355555555555554
2013;Informação E Comunicação;Demissões;30.75553818087047
2015;Alojamento E Alimentação;Admissões;27.335919134931828
2018;Atividades Administrativas E Serviços Complementares;Admissões;31.921837396672597
2019;Outras Atividades De Serviços;Admissões;32.960509554140124
2019;Saúde Humana E Serviços Sociais;Admissões;32.048818897637794
2015;Agricultura, Pecuária, Produção Florestal, Pesca E Aquicultura;Demissões;19.818181818181817
2015;Educação;Admissões;30.23488905891354
2015;Artes, Cultura, Esporte E Recreação;Admissões;30.815189873417722
2019;Educação;Admissões;34.66417600664176
2019;Alojamento E Alimentação;Admissões;28.41814865481076
2019;Agricultura, Pecuária, Produção Florestal, Pesca E Aquicultura;Demissões;34.375
2015;Atividades Profissionais, Científicas E Técnicas;Demissões;32.01323119777159
2017;Informação E Comunicação;Demissões;33.29678510998308
2015;Água, Esgoto, Atividades De Gestão De Resíduos E Descontaminação;Admissões;32.76699029126213
2015;Construção;Admissões;33.23450713113719
2019;Artes, Cultura, Esporte E Recreação;Demissões;31.983805668016196
2015;Saúde Humana E Serviços Sociais;Admissões;30.56475458308693
2015;Outras Atividades De Serviços;Admissões;32.29399367755532
2019;"Comércio; Reparação De Veículos Automotores E Motocicletas";Admissões;29.44523366317233
2017;"Comércio; Reparação De Veículos Automotores E Motocicletas";Demissões;30.925834891798022
2018;Informação E Comunicação;Admissões;30.745126353790614
2017;Construção;Admissões;34.537665696734564
2015;Construção;Demissões;33.782210401891255
2015;Indústrias De Transformação;Demissões;33.553297855184645
2007;Informação E Comunicação;Demissões;30.810126582278482
2019;Atividades Financeiras, De Seguros E Serviços Relacionados;Demissões;38.652956298200515
2015;Serviços Domésticos;Admissões;36.8
2016;Informação E Comunicação;Admissões;30.714637146371462
2007;"Comércio; Reparação De Veículos Automotores E Motocicletas";Demissões;28.062468041588545
2019;Atividades Imobiliárias;Admissões;30.97536945812808
2017;Atividades Financeiras, De Seguros E Serviços Relacionados;Demissões;44.31858407079646
2015;Transporte, Armazenagem E Correio;Admissões;32.217006348145674
2018;"Comércio; Reparação De Veículos Automotores E Motocicletas";Admissões;28.958919836278326
2013;Água, Esgoto, Atividades De Gestão De Resíduos E Descontaminação;Admissões;32.692998204667866
2016;Serviços Domésticos;Demissões;43.0
2014;Indústrias Extrativas;Demissões;37.57142857142857
2017;Artes, Cultura, Esporte E Recreação;Admissões;28.53548387096774
2013;Agricultura, Pecuária, Produção Florestal, Pesca E Aquicultura;Demissões;28.03846153846154
2019;Atividades Administrativas E Serviços Complementares;Admissões;31.774876893059556
2016;Agricultura, Pecuária, Produção Florestal, Pesca E Aquicultura;Demissões;26.608695652173914
2019;Indústrias De Transformação;Admissões;32.48497554157932
2017;Indústrias Extrativas;Demissões;40.31353135313531
2016;Atividades Profissionais, Científicas E Técnicas;Admissões;31.88472906403941
2007;Saúde Humana E Serviços Sociais;Admissões;29.386666666666667
2018;Indústrias De Transformação;Demissões;35.00078390384113
2019;Indústrias De Transformação;Demissões;36.208006603384234
2015;Indústrias Extrativas;Admissões;35.01190476190476
2017;Administração Pública, Defesa E Seguridade Social;Admissões;41.149263950701815
2007;Atividades Profissionais, Científicas E Técnicas;Admissões;28.30952380952381
2019;Atividades Profissionais, Científicas E Técnicas;Demissões;29.4286772878844
2009;Organismos Internacionais E Outras Instituições Extraterritoriais;Demissões;25.285714285714285
2013;Organismos Internacionais E Outras Instituições Extraterritoriais;Admissões;30.166666666666668
2019;Outras Atividades De Serviços;Demissões;35.65105386416862
2016;Agricultura, Pecuária, Produção Florestal, Pesca E Aquicultura;Admissões;31.776119402985074
2015;"Comércio; Reparação De Veículos Automotores E Motocicletas";Demissões;29.488804192472607
2015;Artes, Cultura, Esporte E Recreação;Demissões;30.759562841530055
2007;Atividades Financeiras, De Seguros E Serviços Relacionados;Admissões;22.857664233576642
2007;Indústrias De Transformação;Demissões;32.07392197125257
2008;Outras Atividades De Serviços;Demissões;30.246753246753247
2025;Administração Pública, Defesa E Seguridade Social;Demissões;44.54545454545455
2015;Indústrias Extrativas;Demissões;35.93478260869565
2017;Atividades Profissionais, Científicas E Técnicas;Admissões;28.69655172413793
2007;Outras Atividades De Serviços;Admissões;30.881336405529954
2017;Atividades Imobiliárias;Admissões;30.879032258064516
2015;Atividades Imobiliárias;Demissões;33.513888888888886
2018;Indústrias De Transformação;Admissões;32.19460362941739
2016;Água, Esgoto, Atividades De Gestão De Resíduos E Descontaminação;Demissões;34.13620071684588
2016;Atividades Imobiliárias;Admissões;30.891472868217054
2007;Artes, Cultura, Esporte E Recreação;Admissões;27.974193548387095
2018;Saúde Humana E Serviços Sociais;Demissões;35.70417789757413
2015;Atividades Administrativas E Serviços Complementares;Demissões;30.774457238287773
2008;Agricultura, Pecuária, Produção Florestal, Pesca E Aquicultura;Demissões;29.94984326018809
2008;Construção;Admissões;34.004108650992926
2019;Artes, Cultura, Esporte E Recreação;Admissões;28.73134328358209
2008;Atividades Imobiliárias;Admissões;30.152542372881356
2018;Saúde Humana E Serviços Sociais;Admissões;31.708819975835684
2011;Artes, Cultura, Esporte E Recreação;Demissões;26.17180616740088
2017;Atividades Administrativas E Serviços Complementares;Demissões;32.34383335450273
2007;"Comércio; Reparação De Veículos Automotores E Motocicletas";Admissões;27.143972246313965
2018;Agricultura, Pecuária, Produção Florestal, Pesca E Aquicultura;Demissões;37.25
2007;Água, Esgoto, Atividades De Gestão De Resíduos E Descontaminação;Admissões;30.873417721518987
2018;Educação;Admissões;33.79835589941973
2017;Alojamento E Alimentação;Demissões;28.927261613691932
2016;Atividades Financeiras, De Seguros E Serviços Relacionados;Admissões;25.569482288828336
2018;Outras Atividades De Serviços;Demissões;37.634204275534444
2019;Informação E Comunicação;Admissões;31.301963439404197
2009;Artes, Cultura, Esporte E Recreação;Admissões;28.304147465437786
2019;Atividades Imobiliárias;Demissões;34.35960591133005
2015;Transporte, Armazenagem E Correio;Demissões;34.196520118067426
2015;Saúde Humana E Serviços Sociais;Demissões;32.19663573085847
2018;Atividades Profissionais, Científicas E Técnicas;Demissões;30.39097744360902
2010;Agricultura, Pecuária, Produção Florestal, Pesca E Aquicultura;Demissões;23.5
2013;Eletricidade E Gás;Demissões;32.0
2007;Agricultura, Pecuária, Produção Florestal, Pesca E Aquicultura;Demissões;31.30188679245283
2019;Agricultura, Pecuária, Produção Florestal, Pesca E Aquicultura;Admissões;32.611111111111114
2010;Serviços Domésticos;Admissões;40.75
2014;Serviços Domésticos;Demissões;30.285714285714285
2018;Indústrias Extrativas;Admissões;36.78181818181818
2008;Água, Esgoto, Atividades De Gestão De Resíduos E Descontaminação;Admissões;26.804878048780488
2016;Eletricidade E Gás;Demissões;37.0
2017;Agricultura, Pecuária, Produção Florestal, Pesca E Aquicultura;Demissões;30.571428571428573
2007;Agricultura, Pecuária, Produção Florestal, Pesca E Aquicultura;Admissões;30.529411764705884
2017;Água, Esgoto, Atividades De Gestão De Resíduos E Descontaminação;Admissões;32.586854460093896
2015;Agricultura, Pecuária, Produção Florestal, Pesca E Aquicultura;Admissões;20.6
2012;Indústrias Extrativas;Demissões;36.38383838383838
2018;Indústrias Extrativas;Demissões;35.69117647058823
2012;Serviços Domésticos;Demissões;34.17391304347826
2009;Água, Esgoto, Atividades De Gestão De Resíduos E Descontaminação;Admissões;32.568627450980394
2011;Serviços Domésticos;Demissões;35.0
2010;Agricultura, Pecuária, Produção Florestal, Pesca E Aquicultura;Admissões;27.517241379310345
2019;Administração Pública, Defesa E Seguridade Social;Admissões;43.01315789473684
2017;Organismos Internacionais E Outras Instituições Extraterritoriais;Demissões;28.0
2011;Atividades Imobiliárias;Demissões;32.616279069767444
2013;Agricultura, Pecuária, Produção Florestal, Pesca E Aquicultura;Admissões;26.428571428571427
2018;Administração Pública, Defesa E Seguridade Social;Admissões;39.841219768664565
2012;Agricultura, Pecuária, Produção Florestal, Pesca E Aquicultura;Admissões;20.0
2017;Serviços Domésticos;Demissões;44.5
2014;Agricultura, Pecuária, Produção Florestal, Pesca E Aquicultura;Demissões;24.8
2013;Indústrias Extrativas;Demissões;36.558282208588956
2019;Indústrias Extrativas;Admissões;36.03703703703704
2010;Administração Pública, Defesa E Seguridade Social;Demissões;42.60917600122756
2013;Indústrias Extrativas;Admissões;35.38461538461539
2015;Organismos Internacionais E Outras Instituições Extraterritoriais;Demissões;31.666666666666668
2017;Agricultura, Pecuária, Produção Florestal, Pesca E Aquicultura;Admissões;30.545454545454547
2017;Organismos Internacionais E Outras Instituições Extraterritoriais;Admissões;25.666666666666668
2013;Organismos Internacionais E Outras Instituições Extraterritoriais;Demissões;32.642857142857146
2009;Agricultura, Pecuária, Produção Florestal, Pesca E Aquicultura;Demissões;30.0
2015;Eletricidade E Gás;Admissões;25.68421052631579
2014;Serviços Domésticos;Admissões;42.36363636363637
2010;Administração Pública, Defesa E Seguridade Social;Admissões;41.10142369690552
2014;Eletricidade E Gás;Demissões;33.0
2009;Serviços Domésticos;Demissões;42.0
2017;Indústrias Extrativas;Admissões;34.8125
2008;Água, Esgoto, Atividades De Gestão De Resíduos E Descontaminação;Demissões;35.44444444444444
2015;Eletricidade E Gás;Demissões;28.785714285714285
2016;Organismos Internacionais E Outras Instituições Extraterritoriais;Admissões;20.5
2009;Agricultura, Pecuária, Produção Florestal, Pesca E Aquicultura;Admissões;23.88235294117647
2011;Água, Esgoto, Atividades De Gestão De Resíduos E Descontaminação;Admissões;33.8
2012;Indústrias Extrativas;Admissões;37.88102893890675
2009;Serviços Domésticos;Admissões;33.0
2016;Eletricidade E Gás;Admissões;36.0
2010;Serviços Domésticos;Demissões;41.333333333333336
2013;Serviços Domésticos;Admissões;40.8
2018;Eletricidade E Gás;Admissões;30.0
2011;Agricultura, Pecuária, Produção Florestal, Pesca E Aquicultura;Demissões;26.0
2010;Eletricidade E Gás;Admissões;23.0
2010;Eletricidade E Gás;Demissões;27.0
2012;Agricultura, Pecuária, Produção Florestal, Pesca E Aquicultura;Demissões;27.571428571428573
2018;Agricultura, Pecuária, Produção Florestal, Pesca E Aquicultura;Admissões;37.84
2012;Serviços Domésticos;Admissões;29.916666666666668
2008;Organismos Internacionais E Outras Instituições Extraterritoriais;Admissões;34.0
2014;Agricultura, Pecuária, Produção Florestal, Pesca E Aquicultura;Admissões;27.833333333333332
2018;Serviços Domésticos;Demissões;44.0
2011;Agricultura, Pecuária, Produção Florestal, Pesca E Aquicultura;Admissões;22.9
2015;Serviços Domésticos;Demissões;38.888888888888886
2008;Organismos Internacionais E Outras Instituições Extraterritoriais;Demissões;52.0
2007;Serviços Domésticos;Admissões;28.0
2008;Indústrias Extrativas;Demissões;31.2
2015;Organismos Internacionais E Outras Instituições Extraterritoriais;Admissões;32.333333333333336
2008;Serviços Domésticos;Demissões;34.833333333333336
2011;Serviços Domésticos;Admissões;38.6
2011;Indústrias Extrativas;Demissões;56.0
2013;Eletricidade E Gás;Admissões;34.0
2009;Eletricidade E Gás;Demissões;43.0
2013;Serviços Domésticos;Demissões;40.0
2008;Indústrias Extrativas;Admissões;26.0
2023;Indústrias Extrativas;Demissões;55.0
2019;Serviços Domésticos;Demissões;60.0
2025;Administração Pública, Defesa E Seguridade Social;Admissões;35.6
2025;Eletricidade E Gás;Admissões;27.0
2025;Agricultura, Pecuária, Produção Florestal, Pesca E Aquicultura;Admissões;31.5
